rank,game_id,gamename,brandname,sellday,median,count2_get_score,pov_votes
1,20764,ランス10,ALICESOFT,2018-02-23,99,1153,7
2,26206,WHITE ALBUM2 EXTENDED EDITION,Leaf,2018-02-14,96,912,2
3,4286,マブラヴ オルタネイティヴ,âge(age),2006-02-24,94,3675,1
4,13255,WHITE ALBUM2 ～closing chapter～,Leaf,2011-12-22,94,2631,6
5,2093,この世の果てで恋を唄う少女YU-NO,elf,1996-12-26,93,1222,1
6,40813,街ヤリ 〜東京編リニューアル〜,SecondSight,2025-12-27,93,2,2
7,3254,Fate/stay night,TYPE-MOON,2004-01-30,90,4863,1
8,8134,戦国ランス,ALICESOFT,2006-12-15,90,3175,15
9,10469,装甲悪鬼村正,NitroPlus,2009-10-30,90,3015,2
10,4529,サクラノ詩 -櫻の森の上を舞う-,枕,2015-10-23,90,2671,3
11,6940,パルフェ ～chocolat second brew Re-order～,戯画,2005-12-22,90,2527,1
12,204,鬼畜王ランス,ALICESOFT,1996-12-19,90,1559,7
13,28941,白昼夢の青写真,Laplacian,2020-09-25,90,1459,2
14,31550,ヘンタイ・プリズン,Qruppo,2022-01-28,90,1028,1
15,27720,抜きゲーみたいな島に住んでる貧乳はどうすりゃいいですか? 2,Qruppo,2019-07-26,89,1421,1
16,2894,君が望む永遠 DVD specification,âge(age),2003-07-25,89,993,1
17,33715,おとなりの奥様は今日も独り2 遅咲きの青い春,やさにき,2022-12-08,89,10,2
18,26543,おねショタなつやすみ,茶色いうさぎの,2017-09-25,89,3,1
19,40815,街ヤリ 〜東京編外伝〜,SecondSight,2026-05-07,89,2,1
20,1530,君が望む永遠,âge(age),2001-08-03,88,2433,2
21,4673,パルフェ ～ショコラ second brew～,戯画,2005-03-25,88,1830,1
22,17811,ChuSingura46+1 -忠臣蔵46+1-,インレ,2013-05-31,88,1758,1
23,28984,虚ノ少女《NEW CAST REMASTER EDITION》,Innocent Grey,2020-08-28,88,393,1
24,28762,さくらの雲＊スカアレットの恋,きゃべつそふと,2020-09-25,87,1566,1
25,33621,アマカノ2+,あざらしそふと,2023-04-28,87,312,1
26,30962,ミッションマーメイデン -ハスミと深海の姉妹-,八角家,2020-07-27,87,7,1
27,7169,この青空に約束を―,戯画,2006-03-31,85,4344,1
28,9706,世界でいちばんNG(ダメ)な恋,HERMIT,2007-11-22,85,2381,1
29,5924,SWAN SONG,Le.Chocolat,2005-07-29,85,2239,1
30,3852,RanceVI -ゼス崩壊-,ALICESOFT,2004-08-27,85,1961,4
31,26724,抜きゲーみたいな島に住んでる貧乳はどうすりゃいいですか?,Qruppo,2018-07-27,85,1914,1
32,1773,大悪司,ALICESOFT,2001-11-30,85,1750,6
33,16569,ランス・クエスト マグナム,ALICESOFT,2012-02-24,85,1201,2
34,20460,あの晴れわたる空より高く,Chuablesoft,2014-09-26,85,1177,1
35,22060,ランス03 リーザス陥落,ALICESOFT,2015-08-28,85,1002,3
36,29109,ドーナドーナ いっしょにわるいことをしよう,ALICESOFT,2020-11-27,85,881,2
37,10550,ひまわり,ぶらんくのーと,2007-12-31,85,841,1
38,11748,戦女神VERITA,エウシュリー,2010-04-23,85,806,1
39,900,闘神都市II,ALICESOFT,1994-12-10,85,670,2
40,2100,とらいあんぐるハート1・2・3 DVD EDITION,JANIS,2002-06-14,85,404,1
41,20852,VenusBlood -HYPNO-,DualTail(DualMage),2014-11-28,85,279,1
42,4857,同級生2(DOS),elf,1995-01-31,85,184,1
43,19346,いろとりどりのセカイ WORLD'S END COMPLETE,FAVORITE,2013-07-26,85,158,1
44,19099,雷神7パワーアップキット,だいふく船団(May),2012-12-29,85,9,1
45,28137,クロスブリードジョーカー,猿兵団,2019-06-29,85,6,1
46,31475,おとなりの奥様は今日も独り,やさにき,2020-12-06,85,5,1
47,28136,ポーチャメイダー 潰せオークエンパイア! 世界豚人間計画!!,KI-SofTWarE,2019-08-11,85,1,1
48,12942,WHITE ALBUM2 ～introductory chapter～,Leaf,2010-03-26,84,2039,1
49,3704,らくえん ～あいかわらずなぼく。の場合～,TerraLunar,2004-06-25,84,718,2
50,23010,神様のゲーム －監禁された6人の男女－,XUSE,2017-01-27,84,396,8
51,40106,誘惑の温泉旅行 ～理性と背徳の一泊二日～,御木納原商店,2026-01-07,84,3,1
52,21531,イブニクル,ALICESOFT,2015-04-24,83,1052,2
53,15937,ボクの彼女はガテン系/彼女がした事、僕がされた事/巨乳妻完全捕獲計画/ボクの妻がアイツに寝取られました。,elf,2011-12-08,83,568,15
54,16518,VenusBlood -FRONTIER-,DualTail(DualMage),2012-04-27,83,387,3
55,21746,フェアリーテイル・レクイエム,Liar-soft(ビジネスパートナー),2015-07-24,83,332,2
56,3193,沙耶の唄,NitroPlus,2003-12-26,82,4108,2
57,16752,終わる世界とバースデイ,コットンソフト,2012-07-27,82,1302,1
58,24085,ノラと皇女と野良猫ハート2,HARUKAZE,2017-10-27,82,1132,1
59,10035,媚肉の香り ～ネトリネトラレヤリヤラレ～,elf,2008-03-28,82,1002,18
60,466,同級生2(Win),elf,1997-08-29,82,420,1
61,36003,旭光のマリアージュ,ensemble,2024-08-30,82,338,1
62,21930,カスタムメイド3D2,KISS,2015-07-24,82,314,1
63,27398,初めての彼女,Waffle,2019-04-26,82,217,2
64,26529,コイカツ!,ILLUSION(Dreams),2018-04-27,82,165,1
65,19952,うたかたの蕾,VENUS,2013-10-29,82,51,1
66,20602,月に寄りそう乙女の作法2,Navel,2014-12-19,81,1207,1
67,17527,黄雷のガクトゥーン ～What a shining braves～,Liar-soft(ビジネスパートナー),2012-12-21,81,594,2
68,33134,サメと生きる七日間,CUBE,2022-11-25,81,319,1
69,28407,贄の匣庭,Chatte Noire,2024-02-16,81,193,1
70,10205,暁の護衛,しゃんぐりら,2008-03-27,80,2963,1
71,21076,サノバウィッチ,ゆずソフト,2015-02-27,80,2314,2
72,6356,もしも明日が晴れならば,ぱれっと,2006-02-24,80,2060,1
73,16124,大図書館の羊飼い a good librarian like a good shepherd,AUGUST,2013-01-25,80,1741,1
74,13641,リアル妹がいる大泉くんのばあい,ALcotハニカム,2010-05-28,80,1733,1
75,14834,いろとりどりのセカイ,FAVORITE,2011-07-29,80,1681,1
76,9967,超昂閃忍ハルカ,ALICESOFT,2008-02-29,80,1623,2
77,6467,ゴア・スクリーミング・ショウ,BLACK Cyc,2006-01-20,80,1455,1
78,15010,euphoria,CLOCKUP,2011-06-24,80,1321,1
79,26,アトラク＝ナクア,ALICESOFT,1997-12-19,80,1294,1
80,15231,未来ノスタルジア,Purple software,2011-09-02,80,1188,3
81,15929,君と彼女と彼女の恋。,NitroPlus,2013-06-28,80,1116,14
82,12807,俺たちに翼はない AfterStory,Navel,2010-07-30,80,1066,1
83,23563,Re:LieF ～親愛なるあなたへ～,RASK,2016-10-28,80,919,1
84,12923,巨乳ファンタジー,Waffle,2009-10-23,80,873,3
85,14514,最終痴漢電車3,アトリエかぐや,2010-12-17,80,689,4
86,13474,君の名残は静かに揺れて,UNiSONSHIFT:Blossom,2010-05-28,80,644,1
87,24449,ゴールデンアワー,NIKO,2017-07-28,80,493,8
88,7805,妻しぼり,ALICESOFT,2006-08-04,80,482,7
89,491,とらいあんぐるハート2 ～さざなみ女子寮～,JANIS,1999-07-30,80,465,1
90,22341,Maggot baits,CLOCKUP,2015-11-27,80,431,2
91,2541,ONE ～輝く季節へ～ Full Voice Ver.,NEXTON,2003-01-24,80,430,1
92,16883,巨乳ファンタジー2,Waffle,2012-05-25,80,406,2
93,26604,Erewhon,CLOCKUP,2018-07-27,80,388,1
94,2643,SEXFRIEND ～セックスフレンド～,CODEPINK,2003-03-20,80,325,1
95,14003,カスタムメイド3D,KISS,2011-01-28,80,325,1
96,26667,ゾンビのあふれた世界で俺だけが襲われない Vol.3,SEACOXX,2018-04-13,80,305,1
97,20312,愛姉妹IV 悔しくて気持ち良かったなんて言えない,シルキーズ,2014-05-30,80,302,8
98,2960,僕と、僕らの夏 完全版,light,2003-08-08,80,299,1
99,12992,果てしなく青い、この空の下で…。完全版,TOPCAT,2009-10-30,80,277,1
100,452,DESIRE 完全版,C’s ware,1998-06-05,80,273,1
101,7705,MinDeaD BlooD ～支配者の為の狂死曲～ DVD Special Edition,BLACK Cyc,2006-07-21,80,244,1
102,20371,ジンコウガクエン2,ILLUSION(Dreams),2014-06-13,80,188,8
103,2501,ドラゴンナイト4(DOS),elf,1994-02-25,80,184,1
104,17144,狙われた女神天使エンゼルティアー ～守った人間達に裏切られて～,SYRUP -many milk-,2014-01-31,80,182,1
105,3713,同級生(DOS),elf,1992-12-17,80,176,1
106,28072,もっと!孕ませ!炎のおっぱい超エロ♡アプリ学園!,みるくふぁくとりー,2019-11-29,80,165,1
107,14038,MinDeaD BlooD Complete Edition,BLACK Cyc,2010-09-24,80,152,3
108,26624,Love×Holic ～魅惑の乙女と白濁カンケイ～,アトリエかぐや,2018-05-25,80,148,4
109,686,Portrait,TESLA,2000-07-28,80,140,1
110,25891,カスタムオーダーメイド3D2,KISS,2018-02-23,80,131,1
111,35000,ヤリステメスブター ボクだけの謎ルール!女トレーナーに勝つとエッチあたりまえ,にゅう工房,2023-09-01,80,120,1
112,30257,極限痴漢特異点2 痴漢の証明,アストロノーツ・シリウス,2021-02-26,80,118,1
113,14434,それでも妻を愛してる,ルネTeamBitters,2011-03-25,80,112,2
114,39947,誰ソ彼のシェイプシフター,Liar-soft(ビジネスパートナー),2026-03-27,80,100,1
115,21436,ホントノキモチ,人生通行止め,2015-02-20,80,96,1
116,8559,若妻万華鏡 完全版,YELLOW PIG,2007-04-13,80,71,2
117,17831,THE BEAUTIFUL WORLD,TECH GIAN,2011-10-21,80,60,1
118,24915,妻の肉穴にホームステイするマッチョ留学生 ～出張中のその裏で、妻は黒光り棒から溢れるほどの白濁を注がれ、悦びに満ちたアクメ顔を晒していた～,ANIM.teamMM,2017-05-26,80,58,1
119,16150,腐界に眠る王女のアバドーン,サークルさくらぷりん,2014-05-03,80,56,2
120,22923,牝堕ち巨乳妻は俺のモノ ～負け組の俺が勝ち組の友人から美人妻を寝取る話～,Anim,2016-02-26,80,55,7
121,23805,ままはは,boot UP!,2016-09-23,80,54,1
122,29006,光翼戦姫エクスティア3,Lusterise,2020-03-27,80,52,1
123,25460,コトネイロ,人生通行止め,2026-03-13,80,49,10
124,24556,ネノトリ,逆流そふと,2016-09-17,80,48,1
125,26691,ぜんがく! 紗奈アペンド,4H,2018-05-18,80,44,1
126,35655,催眠性指導 -Secret Lesson-,だーくワン!,2024-12-20,80,43,3
127,23696,壁の向こうの妻の嬌声2 ～隣で激しく腰を振る汗だくの妻は、絶頂の果てに白濁汁を注がれ淫らなイキ顔を上司に魅せる～,ANIM.teamMM,2016-08-26,80,42,4
128,28766,VenusBlood FRONTIER International,DualTail(DualMage),2019-12-20,80,41,1
129,37845,夏のサカり,みこにそみ,2025-01-31,80,35,1
130,30844,人妻LovelyMoment,stick,2021-03-31,80,35,9
131,25820,湯けむり人妻慕情旅 ～ゆきずりの関係を結ぶ女たち～,スタジオポーク,2017-09-09,80,29,1
132,25627,親友の母 久美子  ～穴の位置から孕ませ方まで全て彼女が教えてくれた～,α-MODEL,2017-11-25,80,26,1
133,27960,さまぁ☆ソルト,VENUS,2019-05-16,80,25,2
134,24509,ダンジョンタウン ～遺跡の森と夢魔の薬～,サークル冥魅亭,2016-10-29,80,25,1
135,22037,Evening Starter,男爵領,2015-04-16,80,22,1
136,23327,兄嫁京香さんとその母千佳子さん ～美人妻と美熟母といっしょ❤︎～ 兄嫁の母千佳子編,平安亭,2016-09-13,80,20,1
137,25183,魔女と剣と千の月 Crimson Apocalypse,KAI,2017-09-01,80,20,1
138,15250,雷神7,だいふく船団(May),2011-03-26,80,17,1
139,19746,監獄戦艦 PREMIUM BOX,ANIME LiLiTH,2013-10-25,80,15,1
140,39690,School Days REMASTERED,Overflow,2025-12-19,80,11,1
141,25496,禁忌劣情 ～淫らな欲望に魅せられて～,セイバーフィッシュ,2017-06-19,80,5,1
142,36193,FRIENDS,梅麻呂3D,2024-02-25,80,5,1
143,36402,Ntraholic,Ntraholic,2023-01-17,80,4,1
144,14006,のーぶる☆わーくす,ゆずソフト,2010-12-24,79,2125,1
145,12156,暁の護衛 ～罪深き終末論～,しゃんぐりら,2010-04-22,79,2006,2
146,3017,天使のいない12月,Leaf,2003-09-26,79,1719,11
147,15986,レミニセンス,てぃ～ぐる,2013-05-31,79,1258,11
148,20314,PRIMAL×HEARTS,ま～まれぇど,2014-08-29,79,1090,1
149,17905,魔導巧殻 ～闇の月女神は導国で詠う～,エウシュリー,2013-04-26,79,590,4
150,731,ママトト ～a record of war～,ALICESOFT,1999-07-01,79,534,2
151,17911,聖娼女 ～性奴育成学園～,Frill,2013-07-26,79,357,10
152,14862,母娘乱館,ALICESOFT,2012-09-14,79,241,6
153,27663,母爛漫,ALICESOFT,2019-04-26,79,109,3
154,12575,LOVEMILF,Autobahn,2009-04-26,79,100,8
155,26614,親友が気づかぬ内に彼女を寝取るボク,Waffle,2018-06-29,79,70,14
156,26219,僕に抱かれ喘ぐ妻は、他の男に抱かれた話を紡ぐ ～妻の綺麗な肉ビラが他の男のイキリ棒に押し広げられているのを見て、ガチガチにカンカン棒を膨張させる～,ANIM.teamMM,2018-02-23,79,59,2
157,25034,遊郭に売られた俺の彼女,めくじら,2017-02-28,79,56,2
158,28037,家属 ～母と姉妹の嬌声～,BISHOP,2019-09-27,79,56,2
159,2502,DE・JA2,elf,1992-06-25,79,42,1
160,31008,神具姫ヒーローアンチドミー,ダイジョビ研究所,2021-04-03,79,38,1
161,20730,カノジョのお母さんは好きですか? ～クールな人妻社長を籠絡せよ!～,平安亭,2014-08-17,79,38,2
162,20959,LOVEMILF2,Autobahn,2014-08-17,79,38,6
163,17097,爆乳! デカ尻! 海女叔母さん,スタジオポーク,2012-03-02,79,18,1
164,37613,Nightmare×sistersΩ ～終末のレクイエム～,Guilty Nightmare Project,2025-03-28,79,18,1
165,37773,洗脳学園 ～呪人の壺～,U-ROOM,2025-02-17,79,16,1
166,17361,ヤブヌマ2,N.R.D.WORKS,2012-07-15,79,14,1
167,6376,ななついろ★ドロップス,UNiSONSHIFT:Blossom,2006-04-21,78,1019,1
168,19919,レミニセンス Re:Collect,てぃ～ぐる,2014-06-27,78,803,1
169,16281,ウィッチズガーデン,ういんどみるOasis,2012-11-30,78,739,1
170,29724,恋愛×ロワイアル,ASa Project,2020-11-27,78,565,2
171,1648,月陽炎,すたじおみりす,2001-10-19,78,556,1
172,16604,デモニオン ～魔王の地下要塞～,アストロノーツ・シリウス,2012-04-27,78,471,5
173,12480,人間デブリ コンナジブンニダレガシタ?,elf,2010-11-26,78,402,3
174,20396,ヒマワリと恋の記憶,MORE,2014-12-26,78,353,1
175,27073,タマユラミライ,Azurite,2019-05-31,78,350,1
176,17792,SISTERS ～夏の最後の日～ ULTRA EDITION,Jellyfish,2013-02-22,78,329,1
177,24936,カサブランカの蕾,DOLCE,2017-05-26,78,293,2
178,3404,月陽炎 DVD Edition,すたじおみりす,2003-04-25,78,283,1
179,21414,ウルスラグナ ～征戦のデュエリスト～,アストロノーツ・シリウス,2015-04-24,78,282,17
180,4430,僕は天使じゃないよ,130cm,2005-04-28,78,240,1
181,19268,麻呂の患者はガテン系2,elf,2013-08-08,78,179,13
182,7944,彗聖天使プリマヴェールZwei,Escu:de,2007-09-28,78,174,2
183,27542,姉ちゃんのススメ ～お姉ちゃんのイタズラ性生活～,アトリエかぐや,2019-02-28,78,104,1
184,28444,あまえんぼ 〜性を抑え切れない僕と無償の親子〜,ドージンオトメ,2019-09-10,78,83,4
185,24634,エガオノリユウ,人生通行止め,2020-03-13,78,68,1
186,21366,妻の媚肉を弄る父の太い指 ～知らぬ間に父のモノになっていた愛妻は、悦びの喘ぎとともに腰をうねらせていた～,ANIM.teamMM,2015-02-27,78,68,1
187,17744,沈黙の女学園 ～阿鼻叫喚の肉欲の宴は終わりを見せるのか～,Anim,2012-12-28,78,31,1
188,34132,あまえんぼ冬 〜性を抑え切れない僕と無償の母娘達〜,ドージンオトメ,2023-07-14,78,29,1
189,23791,堕ちる人妻 Animation,Black Lilith,2016-07-29,78,27,3
190,24231,W悪魔のHなおもてなしR ～もっとあなたのミルク私達にちょうだい～,セイバーフィッシュ,2016-09-21,78,8,1
191,40470,人間操作アプリで友達のギャル姉を好き放題する話,ギャラクシーゲームズ,2026-04-06,78,1,1
192,13702,霧谷伯爵家の六姉妹,アトリエかぐや,2010-05-28,77,499,2
193,8565,姫騎士アンジェリカ ～あなたって、本当に最低の屑だわ!～,シルキーズ,2007-02-23,77,379,2
194,9494,催眠術2,BLACKRAINBOW,2007-09-28,77,269,3
195,560,Bible Black ～La noche de walpurgis～,Active,2000-07-14,77,260,1
196,28260,真愛の百合は赤く染まる,バグシステム,2019-11-29,77,231,1
197,22698,妻みぐい3,ALICESOFT,2016-01-29,77,186,13
198,24008,VenusBlood -RAGNAROK-,DualTail(DualMage),2016-12-22,77,117,1
199,22458,ボクはともだち。I am not sweetheart.,はとのす式製作所,2015-08-16,77,78,1
200,16905,鬼監督と俺の彼女 ～女優の卵が鬼監督と肉体関係を結んだ理由～,めくじら,2012-07-31,77,66,2
201,31963,トラトリトル! ～メイドさんにいたずらする探索系RPG～,いなずまそふと,2021-11-03,77,21,1
202,31868,妻の母 ～傲慢女社長と同居の日々～,平安亭,2022-01-16,77,18,5
203,13823,隣人観察,U・Me SOFT,2010-05-01,77,18,1
204,32862,昼下がり、欲求不満な人妻たちは… ～牝堕ち・危険日種付け・交尾狂い～,スタジオポーク,2022-07-11,77,12,2
205,27644,一緒にヤろうよ!!,アオクマシー,2018-11-29,77,2,1
206,9406,さくらシュトラッセ,ぱれっと,2008-01-25,76,1197,1
207,17806,ひとつ飛ばし恋愛,ASa Project,2013-04-26,76,921,1
208,323,雫,Leaf,1996-01-26,76,889,1
209,15432,翠の海 -midori no umi-,Cabbit,2011-10-28,76,660,1
210,25868,景の海のアペイリア ～カサブランカの騎士～,シルキーズプラスDOLCE,2017-12-22,76,406,3
211,31629,RE:D Cherish!,CRYSTALiA,2022-02-25,76,305,1
212,12754,リザイン RESIGN,SherbetSoft,2010-07-23,76,181,11
213,13913,SCHOOL DAYS HQ,Overflow,2010-10-08,76,161,6
214,15351,鬼作 アニメーション追加完全版,elf,2011-04-28,76,83,1
215,17017,イントルーダー ～侵入者～,material,2012-06-22,76,45,1
216,29217,高慢妻陥落!! ～イイ女だけどヤな女～,スタジオポーク,2020-02-06,76,33,5
217,31798,夏神家に起きたこと,VENUS,2021-11-07,76,20,1
218,39687,無人島社員旅行記 女たちの生存戦略,やさにき,2025-10-28,76,15,1
219,20989,姫様と警備兵,逆流そふと,2014-08-20,76,12,1
220,4248,School Days,Overflow,2005-04-28,75,1032,2
221,21080,花咲ワークスプリング!,SAGA PLANETS,2015-03-27,75,998,1
222,701,WHITE ALBUM,Leaf,1998-05-01,75,928,1
223,17239,夏空のペルセウス,minori,2012-12-21,75,849,1
224,9308,マブラヴ ALTERED FABLE,âge(age),2007-08-31,75,719,1
225,6083,鎖 -クサリ-,Leaf,2005-09-22,75,702,1
226,7475,SISTERS ～夏の最後の日～,Jellyfish,2011-04-28,75,580,1
227,3804,燐月 -リンゲツ-,Selen,2004-08-06,75,536,2
228,408,DARCROWS ～ダークロウズ～,ALICESOFT,1999-11-18,75,477,4
229,1403,幻燐の姫将軍,エウシュリー,2001-04-27,75,461,1
230,334,臭作,elf,1998-03-27,75,445,3
231,1243,鬼作,elf,2001-03-30,75,362,1
232,15199,雨芳恋歌 センセイ。わたし、もうオトナだよ,キャラメルBOX ミルク味,2011-06-24,75,359,1
233,1622,ジサツのための101の方法,公爵(デューク),2001-10-05,75,352,1
234,15881,対魔忍ユキカゼ,Black Lilith,2011-09-16,75,344,1
235,5133,Princess of Darkness ～緩やかに廃滅する青珊瑚の森～(冥色の隷姫 ～緩やかに廃滅する青珊瑚の森～),エウシュリー,2005-09-16,75,330,1
236,25283,みにくいモジカの子,NitroPlus,2018-07-27,75,320,3
237,23454,少女マイノリティ -慰めの愛-,pure more,2016-07-29,75,287,2
238,23046,僕と恋するポンコツアクマ。すっごいえっち!,スミレ,2016-05-27,75,270,1
239,18021,聖エステラ学院の七人の魔女,アストロノーツ・シリウス,2013-03-29,75,267,1
240,11482,学園催眠隷奴 ～さっきまで、大嫌いだったはずなのに～,シルキーズ,2008-12-19,75,264,4
241,20459,超昂天使エスカレイヤー・リブート,ALICESOFT,2014-07-25,75,262,1
242,8826,監獄戦艦 ～非道の洗脳改造航海～,ANIME LiLiTH,2007-03-23,75,257,2
243,7485,人妻コスプレ喫茶2,アトリエかぐや,2006-04-28,75,256,4
244,2790,催眠学園,BLACKRAINBOW,2003-06-06,75,252,3
245,12735,僕だけの保健室,ALICESOFT,2009-07-24,75,241,3
246,3805,永遠のアセリア ～The Spirit of EternitySword～ EXPANSION,XUSE,2004-08-13,75,232,1
247,18037,麻呂の患者はガテン系,elf,2013-04-25,75,225,20
248,25180,超昂神騎エクシール,ALICESOFT,2017-07-28,75,192,1
249,23664,炎の孕ませおっぱい★エロアプリ学園,SQUEEZ,2016-11-25,75,177,1
250,7941,STARLESS,Empress,2011-05-27,75,174,1
251,14022,監獄戦艦2 ～要塞都市の洗脳改造～,ANIME LiLiTH,2010-07-23,75,171,3
252,10732,新妻イカせてミルク! 団地妻、昼下がりの下半身事情,アトリエかぐや,2008-04-25,75,163,4
253,21326,エロ本を捨ててから兄の様子がおかしい,Lamia,2015-02-27,75,158,3
254,2922,真・兄嫁,Selen,2003-08-08,75,154,1
255,17589,女系家族III ～秘密HIMITSU卑蜜～,シルキーズ,2012-11-22,75,152,6
256,12869,若妻万華鏡 アニメーション追加版+夫の前で●されて… アニメーション追加完全版,elf,2009-08-28,75,147,10
257,4438,ガジェット,BLACKRAINBOW,2005-03-11,75,145,2
258,2789,CANDY TOYS,JANIS,2003-06-06,75,144,1
259,25229,百奇繚乱の館,アストロノーツ・シリウス,2017-07-28,75,143,1
260,22873,ダンジョン オブ レガリアス 背徳の都イシュガリア,アストロノーツ・シリウス,2016-03-25,75,140,1
261,24364,は～とふるママン,ALICESOFT,2017-01-27,75,135,3
262,8173,私は私のまま、誰にでも変われる,匠,2008-02-29,75,133,4
263,13803,学園3 ～華麗なる悦辱～,BISHOP,2010-08-27,75,132,2
264,23710,バカだけどチンチンしゃぶるのだけはじょうずなちーちゃん,ORCSOFT,2016-08-12,75,132,2
265,4138,Yin-Yang! X Change Alternative,CROWD,2004-10-29,75,122,2
266,2662,ふしぎ電車,デジアニメ・コーポレイション,2003-03-28,75,118,1
267,22628,麻呂の患者はガテン系3 完結編,elf,2015-10-15,75,117,5
268,12954,擬態催眠,BLACKRAINBOW,2010-01-29,75,116,3
269,19807,監獄戦艦3 ～熱砂の洗脳航路～,ANIME LiLiTH,2013-12-25,75,106,4
270,32017,保健室のセンセーとゴスロリの校医,Citrus,2022-03-25,75,101,1
271,10396,VenusBlood -CHIMERA-,DualTail(DualMage),2008-10-31,75,100,2
272,29791,Mama×Holic ～魅惑のママと甘々カンケイ～,アトリエかぐや,2020-09-25,75,98,2
273,28635,ままごと ～ママとないしょのエッチしましょ～,アトリエかぐや,2019-11-29,75,95,3
274,21576,ねえちゃん、ごめん出しちゃった! ～おねえちゃんは僕専用～,INTERHEART,2015-04-30,75,91,2
275,3477,愛慾のエプロン,Autobahn,2004-04-29,75,87,1
276,1721,DEEP VOICE,CROSS NET,2001-11-02,75,87,1
277,8461,Swindle,M no VIOLET,2006-12-29,75,87,2
278,15415,他の男の精液で孕むとき ～襖の向こうで弟に精液を注ぎ込まれている妻～,アトリエさくら Team.NTR,2011-07-29,75,83,1
279,21717,恥辱の制服,BISHOP,2015-07-24,75,83,8
280,6354,NOISE -ノイズ-,CARMINE,2005-12-09,75,79,1
281,20723,淫妖蟲 凶 ～凌触病棟退魔録～,TinkerBell,2014-09-26,75,75,1
282,10977,人妻交姦日記,Anim,2008-07-04,75,73,2
283,25690,色情教団,DWARFSOFT,2017-12-01,75,71,3
284,19984,Endless Dungeon,Rosebleu,2014-03-28,75,68,1
285,29387,俺の彼女は他人棒が気になるようです。 ～からかい上手な変態彼女との青春スワッピングは、俺の隠れ性癖を開花し肥大化させました～,ANIM.teamMM,2020-07-31,75,68,1
286,23607,強制AVデビュー 上木愛莉1X歳 ～自慰盗撮から始まった、恥辱と背信の日々～,SLAVEnir,2016-06-24,75,67,1
287,24138,監獄アカデミア,ANIME LiLiTH,2017-09-01,75,67,2
288,17884,昼下がりの団地妻たち ～熟れた匂いとムレた肌～,スタジオポーク,2013-02-11,75,65,10
289,23345,交姦の虜たち…,Waffle,2016-06-24,75,63,3
290,6401,対ノ日 -in the latter half of the 90’s-,inspire,2005-10-28,75,62,2
291,24210,新妻ふわトロ癒やらしエステ ～毎日がHなラッキー×トラブル×ハプニング～,アトリエかぐや,2016-11-25,75,59,3
292,20122,催眠術Re,筆柿そふと,2014-05-30,75,58,2
293,888,わたしのありか。,JANIS,2000-10-27,75,57,1
294,7798,夫の前で犯されて… violated in front of the husband,YELLOW PIG,2006-07-28,75,54,1
295,33836,Bunny's ママ代行サービス,アトリエかぐや,2023-03-31,75,53,2
296,26660,貸し出し妻、真由美の“ネトラセ”報告 敏感妻と不倫出張,アトリエさくら Team.NTR,2018-05-25,75,49,1
297,21104,OH!! マイクロマン ～小さくなって女の子の色んなトコロに入っちゃお!～,MBS Truth,2014-12-26,75,48,2
298,24350,俺のセフレはカレシ持ち学生会長 ～生真面目JKがイキ狂って妊娠するまでの浮気SEX記録～,アトリエさくら Team.NTR,2016-12-30,75,48,6
299,20183,人妻は元魔法少女 ～下級戦闘員だった俺が痴漢を繰り返し寝取り落とす～,魔法使いソフト,2014-02-07,75,45,10
300,21909,美少女を上手に肉便器にする方法 Vol.1,SEACOXX,2015-04-24,75,45,4
301,3729,超光戦隊ジャスティスブレイド ～秘密結社でGo!～,MAIKA,2004-07-09,75,42,1
302,28210,対魔忍ユキカゼ2 Animation,Black Lilith,2019-07-26,75,42,1
303,19714,監獄戦艦2 ～要塞都市の洗脳改造～ 完全版,ANIME LiLiTH,2013-10-25,75,41,2
304,21109,姪のビッチ化が許せない!,Blue Devil,2014-09-26,75,41,6
305,27080,黒獣・改 ～気高き聖女は白濁に染まる～,Liquid,2018-10-26,75,41,2
306,2187,凌辱の連鎖(縛艶の連鎖),BLACK PACKAGE TRY,2002-08-09,75,38,1
307,12011,息子の嫁は親父の女 -女医とナースに仕込む胤-,ALL-TiME,2009-04-10,75,38,2
308,25650,プレイホーム 家族崩壊,ILLUSION(Dreams),2017-10-13,75,37,2
309,27254,妻が隠していたビデオ… ～元カレ寝取らせ観察記～,pin-point,2018-11-02,75,37,3
310,15913,目眩く侮愛の宴,Autobahn,2011-08-14,75,35,1
311,1634,夢幻夜想曲リニューアル,apricot,1998-11-27,75,34,1
312,23066,叔母寝取り ～夫の知らない淫らな関係～,スタジオポーク,2016-04-01,75,33,3
313,19912,俺は君の生理用ナプキンを舐めたい,PLASTIC LABEL,2014-08-17,75,33,1
314,20185,淑母の疼き ～人妻、未亡人の熟れた身体と甘い吐息～,TinkerBell,2014-05-23,75,33,3
315,26804,カノビッチ ～彼女がビッチになった理由～,人生通行止め,2018-08-17,75,31,3
316,22200,色欲の小毬荘 ～人妻・明菜編～,VENUS,2015-06-23,75,31,3
317,29315,クベルの首枷病,やさぐれ喫煙所,2019-06-15,75,30,1
318,27815,貸し出し妻、真由美の“ネトラセ”報告2 敏感妻とひとつの“嘘”,アトリエさくら Team.NTR,2019-05-31,75,28,1
319,20167,ヒダマリノキオク,人生通行止め,2014-01-06,75,26,1
320,40723,もっと!孕ませ!炎のおっぱい異世界 おっぱいスパイ学園,みるくふぁくとりー,2026-07-31,75,25,1
321,18898,P☆A会長は好きですか? ～傲慢セレブ妻へのセックス指導～,平安亭,2013-04-11,75,25,3
322,19272,若妻万華鏡 アニメーション追加完全版,elf,2009-08-28,75,22,3
323,27829,メス堕ち!巨乳水着妻たちとのラブエロスイミング! ～プールで監視員のバイトを始めたら水着の人妻達に囲まれて童貞喪失した!?～,Anim,2019-06-28,75,21,4
324,38235,イチャ姉!,アトリエかぐや,2025-05-30,75,21,1
325,17113,種づけ孕ませ☆魔法少女 ～The_RPG～,アルパカ,2012-04-24,75,20,1
326,31391,Immoral Quartet ～4人の性欲が絡み合う、愛と寝取られの物語～,AVANTGARDE,2021-04-28,75,19,1
327,23326,兄嫁京香さんとその母千佳子さん ～美人妻と美熟母といっしょ❤︎～ 兄嫁京香編,平安亭,2016-03-24,75,18,2
328,24198,HOTOTOGISU ～ULTRA PATRIOT～,つるみく,2016-11-25,75,17,1
329,19661,絆されて… ～空手娘・千鶴の情事～,VENUS,2012-10-03,75,15,1
330,22068,黒獣 ～気高き聖女は白濁に染まる～ ERE,Liquid,2015-06-26,75,15,1
331,19230,とある人妻のネトラレ事情,らすこう(くちなわ),2013-06-26,75,13,1
332,24397,放課後エスカレイション ～思い出をください～,相討ちネガティブギャング,2016-11-08,75,13,2
333,22531,営業部第4課 牝豚調教飼育係,スタジオ奪,2015-10-09,75,13,1
334,19227,セックスアイドル48! ～淫乱娘アイドル化計画～,サボテン,2013-10-24,75,9,1
335,30380,QrinSway03 催眠編,あぶらそば日和,2020-06-12,75,5,1
336,23627,巨乳人妻3P催眠 ～催眠で寝取らせていただきます!～,Studio 邪恋,2016-07-29,75,5,1
337,27509,ひとづま ～愛した女性は人妻でした～,GOKU-RAKU,2019-02-28,75,3,1
338,11230,闘神都市III,ALICESOFT,2008-11-28,74,947,3
339,19029,ココロ@ファンクション!,PULLTOP,2013-10-25,74,546,1
340,3184,最終痴漢電車2,アトリエかぐや,2003-12-19,74,469,1
341,8725,真・燐月,Selen,2007-10-26,74,224,1
342,17789,お兄ちゃんにはぜったい言えないたいせつなこと。,Mink EGO,2013-01-11,74,178,5
343,21820,対魔忍ユキカゼ Animation,Black Lilith,2015-04-24,74,111,1
344,17003,エロティ課 誘惑研修はじまるよ～♥ ～シゴいちゃうから覚悟なさい!～,アトリエかぐや,2012-06-29,74,102,1
345,16782,愛する妻、真理子が隣室で抱かれるまで ～あなたが知らない事、彼がたくさん教えてくれました～,アトリエさくら Team.NTR,2012-04-27,74,96,1
346,20370,ケダモノ（家族）たちの住む家で ～大嫌いな最低家族と彼女との寝取られ同居生活～,pin-point,2014-05-02,74,91,2
347,18049,牝教師3 ～淫悦の学舎～,BISHOP,2013-04-26,74,80,1
348,17310,かがち様お慰め奉ります- Dark night at NTR village -,ORCSOFT,2012-08-10,74,80,5
349,19280,壁の向こうの妻の嬌声 ～愛する妻の肢体はもう、隣の旦那を忘れられない～,ANIM.teamMM,2013-10-25,74,72,3
350,35332,夜勤病棟リメイク,FG REMAKE,2024-02-22,74,64,1
351,18903,淫堕の姫騎士ジャンヌ2 ～美姫転生～ 2つの世界でオーガの仔種を注がれ続ける物語～,catwalkNERO,2013-08-30,74,49,4
352,23162,催眠委員長,include,2016-08-26,74,35,1
353,36806,狙われた優等生 身代わりの代償,SYRUP -many milk-,2024-10-25,74,34,1
354,23980,メス堕ち! 魅惑の人妻ライフ ～年上妻たちとのいちゃらぶ汁だく性活～,Anim,2016-10-28,74,29,1
355,33089,アリサグリモア,さーくるくらすけ倉庫,2022-08-10,74,23,1
356,27824,家庭教師X催眠 ～絶対従順、ワガママJKとハイソ妻を催眠操作～,POISON,2019-08-30,74,22,4
357,25863,メス堕ち! 巨乳妻との癒され愛温泉 ～巨乳妻たちと身も心もふれあうラブエロ性活～,Anim,2017-12-22,74,20,2
358,23954,［黒獣外伝］エルフ村の姦落 ～恥辱と快楽の宴～,HERENCIA,2016-10-28,74,15,1
359,30358,部下俺×女上司/貸し出しプレイ=??? 〜部下の俺に貸し出された人妻女上司、由佳菜〜,アトリエさくら,2021-02-26,74,14,3
360,27163,寝取られ幼妻リアナ ～流されやすい最愛の幼妻のHな日常～,あせろら,2018-09-22,74,14,2
361,27063,元ヤン奥さんとギャル娘ちゃん ～菜緒さんは硬派な元ヤン妻～,平安亭,2018-09-02,74,11,1
362,24519,リンカノ -白濁の輪舞曲-,狼星屋,2016-08-14,74,11,1
363,21434,大催眠ERE,Liquid,2015-01-30,74,9,1
364,27409,膣内射精AV撮影 托卵男に子宮を明け渡す人妻弁護士 ～あなたの子供は堕ろしました～,ファントムソフト,2018-12-21,74,8,1
365,16900,奪母姦,平安亭,2012-04-13,74,4,1
366,32625,DIRTYING 愛しいからこそ寝取って穢す,唐揚げトマト,2022-04-29,74,1,1
367,32627,Fulfilling Days ～彼女にとっての充実した日々～,唐揚げトマト,2021-09-17,74,1,1
368,9854,ヨスガノソラ,Sphere,2008-12-05,73,1223,1
369,2008,Rance IV -教団の遺産-,ALICESOFT,1993-12-11,73,522,1
370,13569,魔界天使ジブリール4,FrontWing,2010-04-23,73,336,4
371,17909,ぜったい遵守☆子作り許可証ぱらだいす!! ～嗚呼、素晴らしき孕ま世界～,softhouse-seal GRANDEE,2013-03-29,73,226,2
372,15121,ジンコウガクエン,ILLUSION(Dreams),2011-06-10,73,156,2
373,18470,義妹だからできること、妹じゃないとダメなこと。,Mink EGO,2013-06-28,73,148,2
374,4540,ふたりの兄嫁,Selen,2005-07-29,73,126,1
375,14609,三射面談 ～連鎖する恥辱・調教の学園～,BISHOP,2011-02-25,73,112,1
376,26557,シャムロックの花言葉,DOLCE,2018-06-29,73,109,1
377,27976,えろまんが! Hもマンガもステップアップ♪ HDリマスター,CLOCKUP,2019-07-26,73,62,1
378,7293,ドキドキ母娘レッスン ～教えて♪Hなお勉強～,TinkerBell,2006-04-14,73,54,1
379,22978,貸し出し妻、満里奈の”ネトラセ”報告3 CASE.元彼氏&敏感妻,アトリエさくら Team.NTR,2016-02-26,73,50,2
380,15068,カスタムレイドV,KISS,2011-06-24,73,42,1
381,21095,今夜、お義父様に抱かれます…,Nomad,2014-11-28,73,38,2
382,33259,愛妻×交姦 妊活スワッピング ～孕み頃の妻たちは子種を求め肉欲の華を咲かせる～,ANIM.teamMM,2022-12-23,73,25,3
383,2478,隷嬢キャスター2,Guilty,2002-12-20,73,24,1
384,25610,夫の居ぬ間に… ～わたし脅されて、あなたに言えないコトしました～,シルキーズSAKURA,2017-10-27,73,20,1
385,22464,ドラゴンアカデミー2,SPLUSH WAVE,2015-08-16,73,19,1
386,23223,奪 ENDING ～人の妻、最後まで売ります～,スタジオ奪,2016-03-11,73,16,2
387,32087,クベルの首枷病+,やさぐれ喫煙所,2022-01-01,73,14,1
388,19609,夜這いゲーム,逆流そふと,2013-07-25,73,12,2
389,15961,平凡な奥さんは好きですか? ～真面目な主婦をエッチ漬けにしちゃおう!～,平安亭,2011-10-06,73,8,2
390,13779,CROSSING KNIGHTMARE 穢れ逝く聖女達への賛歌,KI-SofTWarE,2013-04-26,73,7,1
391,29628,PRINCESS GO ROUND,ミルクフォース,2018-06-26,73,5,1
392,20780,聖騎士オリアーヌ ～敗北の先に待ち受けるもの～,クリメニア,2013-11-06,73,4,1
393,29228,ネトッテヤ,ようかい玉の輿,2019-03-15,73,3,1
394,40717,淫催都市ヒュプノズム,みじいし,2026-04-28,73,1,1
395,13530,大帝国,ALICESOFT,2011-04-28,72,1228,1
396,2640,Rance III -リーザス陥落-,ALICESOFT,1991-11-15,72,388,1
397,7216,淫堕の姫騎士ジャンヌ ～オーガの仔種を注がれる気高き姫!～,catwalkNERO,2006-07-28,72,160,1
398,14626,操心術0,Studio 邪恋,2011-01-28,72,147,1
399,22269,エロ漫画家さんと貧乏姉妹,娘娘,2015-10-30,72,107,4
400,20727,貸し出し妻、満里奈の“ネトラセ”報告2 CASE.元AV男優&敏感妻,アトリエさくら Team.NTR,2014-08-29,72,77,1
401,16882,真・蟻地獄,ALL-TiME,2012-06-22,72,56,1
402,18640,電車内でなう。,Waffle,2013-06-28,72,53,1
403,20792,奪 ～人の妻、売ります～,スタジオ奪,2014-08-22,72,43,5
404,16206,マリッジブルー『婚約者がいるのに、どうしてこんな男に……』,ルネTeamBitters,2012-02-24,72,41,1
405,27041,お前の母ちゃん、良い女だよな。,ORCSOFT,2018-09-21,72,39,1
406,16147,学園淫辱輪舞曲 ～純潔の乙女が淫らな牝へと堕ちるまで～,濡汁,2012-01-27,72,37,1
407,24464,フィットしちゃお! ～年上女性と汗だくレッスン初体験～,WendyBell,2017-03-24,72,28,1
408,18257,息子の友達に堕とされて ～あぁ…私、一人の女に戻ります～,Anim,2013-04-26,72,15,2
409,16136,放課後催眠倶樂部,すたじおちゃれん,2011-10-07,72,15,1
410,21451,ナースの奥さんは好きですか? －世話焼きオバちゃん陥落－,平安亭,2015-01-23,72,12,1
411,30336,死神教団 〜淫森に呑まれた村セグルメット〜,サークル冥魅亭,2021-04-29,72,11,1
412,10286,はじめての誘拐,はりねずみ工房,2007-08-03,72,10,1
413,19721,娼婦さん御一行!,オドントティラヌス,2013-10-12,72,9,1
414,22195,先輩と上司と後輩の奥さんを身も心も寝取る話 ～アフターストーリー＆ハーレムシナリオ～,Anim,2015-06-05,72,5,1
415,16450,SwindleHD,M no VIOLET,2011-12-27,72,5,1
416,19867,デモニオンII ～魔王と三人の女王～,アストロノーツ・シリウス,2014-04-25,71,181,2
417,6151,姫さま凛々しく!,Q-X,2006-06-23,71,147,1
418,10498,裏・催眠術2,BLACKRAINBOW,2008-04-25,71,136,1
419,16285,団地妻となう。,Waffle,2012-02-24,71,83,4
420,16322,堕ちる人妻,Black Lilith,2011-12-23,71,74,10
421,16984,恋妻くずし,夜のひつじ,2012-04-12,71,63,1
422,25722,娘くずし ～父と娘の狂縁～,わるきゅ～れ,2017-11-24,71,62,1
423,27225,正義の変身ヒロインを支える俺と悪の女幹部,Black Lilith,2018-10-19,71,61,1
424,18084,催眠術3,筆柿そふと,2013-09-27,71,61,5
425,25436,神装聖姫エレメンティア ～屈辱の洗脳催眠～,pin-point,2017-08-25,71,59,1
426,21074,流され妻、綾乃の“ネトラレ”報告 －おっとり妻&一晩ぶっ通し超肉食不倫セックス－,アトリエさくら Team.NTR,2014-11-28,71,57,1
427,22677,貞操観念ZERO ～ヤリマン家族とハメ狂い夏休み～,DWARFSOFT,2015-11-13,71,56,1
428,25697,アナスタシアと7人の姫女神 ～淫紋の烙印～,catwalkNERO,2018-04-27,71,54,3
429,7619,demiparadoxia ∽ hookerstic 北上編,Autobahn,2006-03-15,71,42,1
430,17791,お前のオンナを寝取ってやる ～昔ヤったオンナは今は白衣の天使。旦那の前で心も身体も弄んで寝取る～,material,2012-12-21,71,35,9
431,31744,Nightmare×Deathscythe ～叛逆のレゾナンス～,Guilty Nightmare Project,2021-12-24,71,27,1
432,371,Snow Memoria ～忘れえぬ想い～,AIR PLANTS,2000-04-14,71,25,1
433,23213,はらかつ! ～気になるあの子と子作りエッチ～,INTERHEART glossy,2016-04-28,71,25,1
434,13762,団地ワイフ ～人妻ヌードモデルの献身～,Guilty+,2010-04-23,71,24,1
435,26142,俺を欲しがる二人の母,Waffle,2018-03-23,71,24,2
436,22002,ノゾキベヤ,ようかい玉の輿,2015-05-01,71,21,1
437,38751,魔法騎士リーンフォリア,Lusterise,2025-08-29,71,21,1
438,30594,元ヤンキー妻 雛子 〜心身ともに完全寝取り!〜,スタジオポーク,2021-02-15,71,20,3
439,25745,人妻寝取り屋,INTERHEART glossy,2018-01-26,71,16,3
440,8810,胎辱の檻,BLACK PACKAGE TRY,2007-04-13,71,14,1
441,21525,SF,t japan,2013-05-29,71,12,1
442,23148,白の従士と闇の従者,N蔵司ヶ谷,2015-02-28,71,8,1
443,20463,導かれしモノ達の楽園 ～BEDLAM～,BLACK PACKAGE TRY,2014-06-27,71,7,2
444,22289,W悪魔のHなおもてなし ～あなたのミルク私達にちょうだい～,セイバーフィッシュ,2015-07-17,71,4,1
445,39199,会社の女性社員を全員孕ませた話,カナリー,2025-08-08,71,1,1
446,2331,Rance5D -ひとりぼっちの女の子-,ALICESOFT,2002-10-25,70,915,2
447,5149,Tick!Tack!,Navel,2005-09-16,70,486,1
448,1933,妻みぐい,ALICESOFT,2002-03-15,70,428,2
449,12367,フリフレ,Noesis,2009-04-03,70,348,1
450,9559,はるかぜどりに、とまりぎを。,SkyFish,2007-10-26,70,263,1
451,10468,魔界天使ジブリール -episode3-,FrontWing,2008-06-27,70,254,1
452,42,戦女神,エウシュリー,1999-01-29,70,239,1
453,3274,闘神都市,ALICESOFT,1990-12-15,70,230,1
454,4517,へんし～ん!2,May-Be Soft(有限会社リエーブル),2005-03-18,70,216,1
455,3999,虹を見つけたら教えて。,ACTRESS,2004-10-29,70,213,1
456,15203,戦国天使ジブリール,FrontWing,2011-07-29,70,188,1
457,2886,ドキドキお姉さん,アトリエかぐや,2003-07-25,70,187,1
458,2779,人妻コスプレ喫茶,アトリエかぐや,2003-05-30,70,179,1
459,2414,for elise ～エリーゼのために～,CRAFTWORK,1996-12-06,70,168,1
460,21248,対魔忍ユキカゼ2,Black Lilith,2015-05-29,70,166,1
461,8404,らぶデス2 ～Realtime Lovers～,TEATIME,2007-08-31,70,166,2
462,15925,妹調教日記 ～こんなツンデレが俺の妹なわけない!～,NANACAN,2011-08-14,70,152,1
463,20856,憑夜ノ村,アストロノーツ・コメット,2014-11-28,70,142,1
464,15406,禁断の病棟 特殊精神科医 遊佐惣介の診察記録,アトリエかぐや,2011-07-29,70,140,1
465,9303,痴漢専用車両 ～屈辱の痴漢電車～,Frill,2007-09-28,70,135,1
466,12730,黄昏に煌く銀の繰眼,CLOCKUP,2009-08-28,70,132,3
467,20515,妹寝取り ～身も心もお兄ちゃんのもの～,クレージュA,2014-05-30,70,130,6
468,9956,Chu×Chuぱらだいす ～Encore Live～,UNiSONSHIFT Accent.,2007-11-22,70,130,1
469,13594,黒獣 ～気高き聖女は白濁に染まる～,Liquid,2010-04-23,70,125,1
470,24346,略奪者の淫宴,あかべぇそふとすりぃ,2016-11-25,70,120,1
471,14899,規制不可 ～俺は実在しないので、ナニをヤッても許される～,ALL-TiME,2011-04-08,70,119,2
472,7950,プリンセスナイト☆カチュア ～堕ちた竜騎姫～,わるきゅ～れ,2007-07-27,70,116,1
473,18791,催眠演舞,スタッフィング,2013-09-27,70,114,2
474,12903,桃華散る ～少女剣士の報復は慟哭に満ちて～,アイル,2009-09-18,70,113,1
475,17176,JC拉致監禁レイプ ～気になる○学生は僕専用の生オナホール～,クレージュA,2012-06-01,70,111,5
476,10378,輪姦倶楽部,ANIME LiLiTH,2008-03-21,70,101,1
477,3378,最終痴漢電車 DVD EDITION,アトリエかぐや,2004-03-26,70,99,2
478,15896,誰が殺したコマドリを,スマイル戦機,2011-08-13,70,95,2
479,7147,妻とママとボイン,G.J?,2006-04-28,70,92,1
480,10952,娼姫レティシア ～今宵、王女は春を売る～,catwalkNERO,2008-07-25,70,90,2
481,9464,俺は彼女を信じてる! ～遠距離恋愛のススメ～,ルネTeamBitters,2007-07-27,70,88,2
482,8719,しおふきマーメイド「だめ、コーチ! なにか出ちゃうぅ!」,マリン,2007-03-30,70,86,1
483,6079,輪[妹]姦 ～傷モノの妹～,RaSeN,2005-08-12,70,85,2
484,964,ハーレムブレイド,戯画,1996-04-26,70,83,1
485,15319,裏教師 ～背徳の淫悦授業～,BISHOP,2011-08-05,70,79,1
486,30157,同級生 リメイク,FANZA GAMES,2021-02-26,70,76,1
487,17079,受胎島 「どうしてアンタみたいなブサ男に種付けされなきゃいけないのよ?!」,ルネ,2012-07-27,70,76,2
488,20254,新・他の男の精液で孕んでもいいですか…? 浮気Hがあまりに気持ちよくて、挿入されただけですぐにイっちゃうカタブツ女子校生,アトリエさくら Team.NTR,2014-06-27,70,72,5
489,17592,姉母娘でイクッ! ～大好きな姉を奪ったくせに浮気を続けるクズ旦那から姉の娘と共にネトリ返す～,アトリエかぐや,2012-10-26,70,69,12
490,19474,ねえちゃん、もう出ちゃうよ! ～淫姉は俺の愛玩具～,INTERHEART,2013-11-29,70,68,4
491,8492,夜勤病棟 復刻版+,Mink,2006-12-22,70,68,1
492,29485,嫁の妹とえっちな関係になってヤバい!?,ぱちぱちそふと,2020-06-26,70,67,1
493,23827,彼には言えない恥辱の関係 ～ごめんね、わたし先生のものにされちゃった……～,クレージュA,2016-07-29,70,67,8
494,15079,愛する妻、玲奈の浮気告白 『お、俺より気持ち良かったのか…?』→『…うん。凄かった』,アトリエさくら Team.NTR,2011-04-22,70,66,1
495,9952,妻の母さゆり,CATTLEYA,2008-04-25,70,66,2
496,17388,おれつま! ～オレがマンション管理人になったら人妻達とちょっとイイコトできちゃうかも!?～,CLOCKUP,2012-09-28,70,66,4
497,17251,特別授業3SLG,BISHOP,2012-09-28,70,64,1
498,21401,エンジェルゲーム,アトリエさくら Team.NTR,2015-02-27,70,63,3
499,30195,催眠学習 Secret Desire,だーくワン!,2021-03-26,70,59,2
500,21535,Trippers. -彼女との学園生活を破壊する、1通の手紙-,Lamia,2015-04-24,70,58,2
501,7820,催眠学園DVD with 催眠術,BLACKRAINBOW,2006-06-30,70,56,1
502,22302,彼女の肢体に付いたアイツの唇痕 ～幼馴染みの巨乳彼女は先輩の大きな腕に包まれ淫蕩けた笑みを浮かべる～,ANIM.teamMM,2015-10-23,70,54,1
503,17876,奥様は元ヤリマン -Besluted-,ORCSOFT,2012-12-07,70,53,2
504,20320,お隣の黒人夫に抱かれて啼き悶える最愛の妻。その引き換えに味わう黒人妻の肌。-Big Black Cock＆Big Black Butt＆My Sweet Wife-,ORCSOFT,2014-04-25,70,53,7
505,9555,Reversible,EGIS,2007-07-20,70,51,2
506,19335,館 ～官能奇譚～,BISHOP,2013-10-25,70,50,1
507,19189,巨乳家族催眠「家族なんだから、セックスするのは当たり前よね……」,ルネ,2013-08-30,70,49,2
508,21267,墜落人生 ～清楚お嬢様のヤクキメタコ部屋売春ライフ～,pin-point,2014-11-28,70,49,1
509,36544,カノジョの親友にカラダで誘惑されるヒミツの関係,AMUSE CRAFT EROTICA,2024-08-30,70,47,2
510,10324,息子の友達に犯されて,Anim,2008-02-01,70,47,1
511,15738,冒険者の町を作ろう!,玉藻スタジオ,2011-08-13,70,46,1
512,4126,白衣のご奉仕,U・Me SOFT,2004-11-05,70,45,1
513,18135,ドラゴンアカデミー,SPLUSH WAVE,2012-12-31,70,45,1
514,26562,プレイ! プレイ! プレイ! GO!,わるきゅ～れ,2018-05-25,70,45,1
515,2879,人妻♪かすみさん ～母娘と共同性活～,TinkerBell,2003-07-18,70,45,2
516,6887,demiparadoxia ∽ hookerstic 南下編,Autobahn,2005-12-30,70,43,1
517,24249,いつまでも僕だけのママのままでいて! ～ああ、良いよママ! もっともっとしゃぶらせて!! デリバリーママがストライクゾーン過ぎてボクの股間はもう限界!!!～,Anim M&W(Anim Mother&Wife),2017-02-24,70,43,2
518,32999,SACRIFICE VILLAINS,CLOCKUP,2023-02-24,70,41,1
519,13909,未亡人沙苗「私が初めてでいいの……?」,CATTLEYA,2010-07-23,70,41,1
520,10263,学食のおばさん ～母さんの汁の味～,Guilty+,2007-12-21,70,41,1
521,27257,愛する妻、真理子の不倫報告 ～夫公認のガチ不倫SEX～,アトリエさくら Team.NTR,2018-11-30,70,41,1
522,20349,寝トリ学園 ～彼氏持ちでもお構いなし! ヤりたい放題ADV～,INTERHEART,2014-05-30,70,39,3
523,11357,アルタードピンク ～特務戦隊デュエルレンジャー～,BLACKRAINBOW,2008-09-26,70,39,1
524,10723,妻ようじ2 ～ボクは人妻添乗員～,しらたま,2008-05-23,70,38,2
525,24765,堕とされた美姉妹 ～どうかその娘だけは助けて下さい～,シルキーズSAKURA,2017-04-28,70,38,2
526,22705,俺のセフレは処女ビッチ!?,Blue Devil,2015-10-31,70,37,2
527,22301,新・他の男の精液で孕んでもいいですか…？2 全身汗だく浮気セックスで妊娠したウェディングプランナーの婚約者,アトリエさくら Team.NTR,2015-09-25,70,37,5
528,5137,くろふぁん2GHz,CLOCKUP,2006-07-28,70,37,1
529,880,浪漫珠 ～ろまんす～,Angel Smile,2000-10-13,70,36,1
530,7686,人妻搾乳飯店,マリン,2006-06-30,70,36,3
531,13273,絶望師,Anim,2010-02-12,70,35,1
532,26607,ヤリチン家庭教師ネトリ報告 ～ドスケベ巨乳母娘丼～,DWARFSOFT,2018-04-13,70,35,1
533,19956,元ヤンの奥さんは好きですか? ～強気な人妻とエッチで勝負! セクシー妻もいるよ～,平安亭,2013-12-31,70,35,1
534,8489,熟母喰い ～元グラドルのお母さん～,Guilty+,2006-12-29,70,34,2
535,16657,或ル家族ノ姦系図,TinkerBell,2012-04-20,70,34,2
536,8169,とりかえっ娘しよッ! ～彼氏彼女の秘密の関係～,SUNLITE,2006-11-22,70,33,1
537,3530,DE・JAマルチパック,elf,2004-05-28,70,33,1
538,18933,メイクMeラバー,KISS,2014-07-25,70,33,2
539,27152,背徳と欲望の間で ～罪悪に濡れるオンナ～,シルキーズSAKURA,2018-12-14,70,32,1
540,12794,愛娘という名の玩具,Anim,2009-12-11,70,32,1
541,17827,ヴァージン・ロード,雨傘日傘事務所,2012-11-10,70,32,3
542,25830,彼女が野球部の性処理マネージャーに… ～体育会系セックスで寝取られて～,pin-point,2018-01-26,70,32,1
543,14520,ナンパ生ハメ 中出し万歳3,U・Me SOFT,2010-11-05,70,31,2
544,7472,洗濯屋しんちゃん,BLACK PACKAGE,2006-04-14,70,30,1
545,21355,美佐子37歳 ～童貞大学生×普通の主婦～,α-MODEL,2014-12-05,70,28,3
546,17116,兄貴の妻は俺の肉妻 ～夫には見せない淫らな貌を義弟に晒す巨乳若妻～,ANIM.teamMM,2012-08-24,70,28,2
547,4140,人妻♪かすみさん2 奥様・未亡人オーナーと共同性活,TinkerBell,2004-10-15,70,27,1
548,25978,饗宴の赤 ～読心調教録～,CLOCKUP,2017-11-24,70,27,1
549,12251,同僚の奥さん ～ネトリ妻、ネトラレ妻～,Guilty+,2009-02-27,70,27,2
550,22886,イケナイ子作り3 ～息子の恋人が魅力的で困ってます～,エロイット,2016-01-29,70,26,2
551,34601,僕がいない間に変貌えられた妻の秘肉 ～ラブラブ新婚妻は他の男に抱かれ淫らに喘ぐ夢を見るか～,ANIM.teamMM,2023-09-29,70,26,3
552,25600,新・他の男の精液で孕んでもいいですか…? 3 浮気手記に綴られた快楽の爪痕,アトリエさくら Team.NTR,2017-09-29,70,26,1
553,15590,ナンパ生ハメ 中出し万歳4,U・Me SOFT,2011-08-05,70,25,3
554,13717,彼女の母親 ～ウチの娘だと思って…ね?～,極フェロ,2010-03-19,70,25,1
555,20541,熟バレー ～シゴキ扱かれる熟れた人妻達～,アトリエかぐや,2014-07-25,70,25,2
556,29036,世話焼き奥さんで人の頼みを断れない亜衣さんにお願いして中出しハメ放題のドスケベ妻になってもらった,pin-point,2020-02-28,70,25,1
557,26678,リラクゼーション優美 ～貴方だけの秘密の癒し～,HERENCIA,2018-06-29,70,25,1
558,21645,奪again ～人の妻、また売ります～,スタジオ奪,2015-04-03,70,25,2
559,28509,求婚催眠 ～私、絶対に浮気なんてしません～,include,2020-06-26,70,25,3
560,28633,巨乳女戦士・土下座催眠「ちくしょうっ……アタシはお前の思い通りになんか、ならないからな……!」,ルネ,2019-12-27,70,24,1
561,26932,新人20歳のお姉ちゃんAVデビュー!! 悠木倫2 俺のねーちゃんは激イキ巨乳のAV女優,アトリエさくら eXtra,2018-08-31,70,24,1
562,25375,爆乳人妻戦士ピュア・メイデン ～現役復帰した美少女戦士の熟れムチボディをチン負けさせて寝取り孕ませオナホハーレム化!～,Miel,2017-05-26,70,23,3
563,20636,人妻教師は元魔法少女 ～教え子の僕がオトナの女を寝取り堕とす～,魔法使いソフト,2014-06-20,70,23,5
564,25439,あまいえ,boot UP!,2017-09-29,70,23,2
565,30000,メスつまみ ～世話焼き年上妻と真面目なツンツン妻との愛欲性活～,Anim,2021-01-29,70,23,1
566,26850,俺の妹は清純ビッチ ～親には秘密のハメハメ性活～,アンモライト,2018-08-31,70,22,3
567,19415,冒険者の町を作ろう! II,玉藻スタジオ,2013-08-10,70,22,2
568,31977,ギャル妻・アンリの寝取らせプレイ ～他の男の物を咥え、楽しそうに報告をする俺の妻～,アトリエさくら,2022-02-25,70,21,1
569,22386,人妻スイミング倶楽部,INTERHEART glossy,2015-11-27,70,21,1
570,25212,義母の滴 ～湿った肌から香り立つ甘い色香～,TinkerBell,2017-09-29,70,21,1
571,24229,巨乳大家族催眠「家族みんなでイキまくるセックスがやめられないのぉ」,ルネ,2016-12-22,70,21,1
572,23743,姉姉W催眠 ～催眠装置で巨乳姉どもに強制中出し、鬼畜寝取りで孕ませてやる!～,POISON,2016-08-26,70,20,2
573,18165,催眠カウンセラー ～元上司のJK娘を堕とす報復の肉穴催眠～,ANIM.teamMM,2013-03-29,70,20,1
574,22668,催眠貴族,クリメニア,2015-10-29,70,20,1
575,27551,巨乳ギャルMC交際「こんなオジサンチ○ポに逆らえないなんて……マジありえないっ!」,ルネ,2019-03-29,70,20,1
576,23922,お義父さんの子種で孕ませて!,Blue Devil,2016-08-14,70,18,1
577,19273,夫の前で●されて… アニメーション追加完全版,elf,2009-08-28,70,18,1
578,20497,ぴゅあよめ,LaBit Soft,2014-05-23,70,18,1
579,21902,淑母の疼き2 ～熟れた人妻から漂う“女”の色香～,TinkerBell,2015-09-18,70,17,1
580,24954,手籠めにされる九人の堕女 The Motion,Guilty,2017-04-28,70,17,1
581,25972,母感 ～義母さんの子宮は誰のモノ?～,エロイット,2017-12-22,70,16,1
582,23515,僕の大好きな叔母さん,エロイット,2016-05-27,70,16,3
583,36162,友達ん棒で淫らな汁を溢れさせる母の熟れた蜜穴 ～巨乳を揺らし身悶える母さんの喘ぎ声は、隣の僕の部屋まで響き渡る～,ANIM.teamMM,2024-06-28,70,16,2
584,27947,死神娼館 ～ 宿屋の主人に転生して女冒険者にいろいろするRPG,サークル冥魅亭,2020-02-21,70,16,1
585,33298,ナイショの姦淫 ～真夏の汗だく交尾～,Waffle,2022-11-25,70,16,1
586,20580,牝教師 ～淫辱の教室～ インモラルエディション,BISHOP,2014-06-27,70,15,3
587,31614,催淫サロン ～夫の知らぬ間に孕ませリベンジされる妻～,Waffle,2021-11-26,70,15,2
588,15048,真・NOZOKI魔 ～下宿屋姦視24時～,MAIKA,2011-07-29,70,14,1
589,27675,兄嫁セックス ～俺に抱かれるエロい義姉とのエッチ生活～,アトリエさくら Team.NTR,2019-03-29,70,14,1
590,30153,夫を愛する爆乳人妻たちが年下のサル性欲に蹂躙されて都合のいい孕み玩具に堕ちるまで,Miel,2020-11-27,70,14,2
591,27062,ままはは2,boot UP!,2018-09-28,70,13,1
592,16992,魔館の淫嬢,BLACK PACKAGE TRY,2012-06-15,70,12,2
593,21364,万引娘桃色性裁 万引きした幼な妻に生ハメ中出し!!,RED-ZONE,2015-01-30,70,11,1
594,26222,ヒトヅマサイミンカウンセリング,INTERHEART glossy,2018-03-30,70,11,1
595,22834,魔将姫ティルアーナ孕ませ催眠 ～人間を虐げる魔族の姫が暗示一つで肉玩具になる～,Miel,2015-12-04,70,10,1
596,20711,アナタごめんなさい、ワタシもう…。,DOUJIN3ARIES,2014-06-16,70,9,2
597,25406,龍堂寺士門の淫謀 アニメ追加版,Mink,2017-05-26,70,9,1
598,37114,護身術道場 秘密のNTRレッスン,WAKUWAKU,2023-06-22,70,8,3
599,7897,華麗なる人生2,フェアリーテール,1994-11-22,70,8,1
600,24992,俺が愛した人妻 ～恵美子～,桃源郷,2017-04-14,70,7,1
601,1535,人妻×人妻 ～ここは人妻パラダイス!～ 録りおろし!,DISCOVERY,2001-06-29,70,7,1
602,11510,Incest lover ～ママと母の秘蜜～,メドゥーサ,2008-08-29,70,6,1
603,2627,魔淫の宴 ～ホワイトパッケージ～,BLACK PACKAGE TRY,2000-09-29,70,6,1
604,21757,ぷれい! ぷち! 妊,ばるきり屋,2015-04-10,70,6,1
605,38111,性母懐胎 ～淫乱ドM巨乳ママが息子の孕み妻になるまで～,DWARFSOFT,2025-03-21,70,5,1
606,2452,Peeping Web,Sweetpain,2002-11-22,70,5,1
607,26541,バージン・ロード,ぺぺろんちーの,2017-07-11,70,5,1
608,16068,アネトリ ～オクテな姉は、エロスな俺の性奴隷～,パンプキン,2011-09-29,70,5,1
609,40309,人間操作アプリで巨乳従姉を好き放題する話,ギャラクシーゲームズ,2026-02-10,70,4,1
610,39430,200年前子作りは愛し合う者同士でする行為だった,鈴屋,2024-09-22,70,3,1
611,36758,家出少女・高邑緋雪の秘蜜 〜恥辱にまみれ快楽墜ちさせられていく彼女の純愛〜,アトリエさくら,2024-09-27,70,3,1
612,24975,秘密の野球拳!,アオクマシー,2013-05-22,70,3,2
613,25139,催眠銃でヤリたい放題(気になるあの娘が堕ちた記録),PAPER HEARTS,2016-03-27,70,2,1
614,17043,教育ママの鳴かせかた,へいせん堂,2012-04-05,70,2,1
615,31121,モブ姦クエスト ～VR世界でNPCとヤリまくり～,ナイトエンペラー,2021-04-29,70,1,1
616,21693,劣情喚起 ～肉棒と中出しを求めるオンナ達～,セイバーフィッシュ,2015-03-06,70,1,1
617,28261,Immoral Sneaking -罠にはまった乙女たち-,Immoral Sneaking制作委員会,2011-12-31,70,1,1
618,12981,Dark Blue,LiLiM DARKNESS,2009-11-27,69,301,1
619,14201,他の男の精液で孕んでもいいですか…?3 僕の知らない所でイキ狂っていた最愛彼女 ―生真面目な学園副会長―,アトリエさくら Team.NTR,2010-10-29,69,82,1
620,38543,スターライトBLUE ～幼なじみで推しの娘が知らないうちに開発されていた～,LiLiM DARKNESS,2025-08-29,69,68,1
621,16075,Wanna. ～SpartanSex Spermax!!!～,Guilty eX,2012-01-27,69,57,2
622,21426,堕ちていく新妻 ～ごめんなさいアナタ…私もう……でも、愛してる～,シルキーズSAKURA,2015-02-27,69,55,1
623,7763,操心術+,Studio 邪恋,2006-06-30,69,48,2
624,21033,手籠めにされる九人の堕女,Guilty,2014-12-19,69,35,1
625,27145,僕ママ×友ママ交姦ハメップ性活 ～母性あふれる僕らの巨乳ママたちは背徳に身悶えながら甘えん棒を貪り喘ぐ～,ANIM.teamMM,2018-11-30,69,34,4
626,26244,たわわ奥さん×ハプニングジム ～むっちりボディとすけべなエクササイズ～,アパダッシュ,2018-03-09,69,23,1
627,29059,メス堕ち!オレのネトリ棒で淫らに喘ぐ先輩&後輩妻2 ～ムッチリ肉厚の巨乳妻たちとのいちゃラブハメ性活～,Anim,2020-03-27,69,22,1
628,4813,若奥さま 美咲 ～抱かれて悶えて流されて～,本気汁,2005-02-25,69,20,1
629,16263,虐襲4 EXTRA SCENARIO,Anim,2012-01-20,69,19,1
630,26672,姉妹X催眠 ～絶対服従、俺がずっと王様～,POISON,2018-05-25,69,16,1
631,33739,完堕ちX寝取られ家族 〜アナタ、許して。私たち、浮気セックスに本気でハマっちゃったの〜,POISON,2023-03-31,69,16,2
632,27188,ネブギャル ～JKギャルを舐り尽くして彼氏バレ「おじさん以外もういらねーから」～,SUKARADOG,2018-11-30,69,14,1
633,18970,続・保健委員の力を利用して、生意気なお嬢様の身体測定でイタズラ放題やっちゃいました!,4H,2011-02-03,69,11,1
634,36009,性調教済だった愛する彼女 ～他の男から仕込まれていた淫乱性癖～,アトリエさくら,2024-04-26,69,11,1
635,4280,辱妻 ～ご利用は計画的に～,LiLiM生,2004-12-10,69,10,1
636,14165,働く奥さんは好きですか? ～パートのオバチャンが女になるまで～,平安亭,2010-09-13,69,8,1
637,23574,誘惑の団地妻たち ～快楽に溺れる熟れた肉～,ディーゼルマイン,2016-04-15,69,5,1
638,19104,牝鏡調教 ～メガネ少女は如何にしてキモオタ教師のものになったか～,極フェロ,2013-05-24,69,2,1
639,25141,気になるあの娘たちのその後+,PAPER HEARTS,2016-12-24,69,1,1
640,25140,催眠同居性活 ～幸せ家族の人生崩壊～,PAPER HEARTS,2016-07-23,69,1,1
641,8433,ToHeart2 AnotherDays,Leaf,2008-02-29,68,965,1
642,15438,姫騎士オリヴィア ～へ、変態、この変態男!少しは恥を知りなさい!～,シルキーズ,2011-08-26,68,94,3
643,2950,相楽さん家の悦楽ライフ♪,ZyX,2003-08-28,68,83,1
644,19046,つるぺた×NTR ～幼なじみ彼女の3年間の調教記録～,アトリエさくら Team.NTR,2013-07-26,68,61,1
645,4949,愛姉妹 ～二人の果実～,シルキーズ,1994-09-30,68,61,1
646,5982,喪服妻 「許してアナタ…私、弱い未亡人です」,ルネ,2005-07-29,68,51,4
647,5031,隣り妻,CALIGULA,2005-04-28,68,48,2
648,24134,ネトラレンアイ ～愛する彼女が結んだ淫らな契約～,わるきゅ～れ,2016-11-25,68,45,1
649,5167,D-Spray 媚薬でモテモテ 課長代理補佐,アンダームーン,2005-06-24,68,40,2
650,17179,僕の目の前で××される彼女,アイル,2012-09-28,68,38,2
651,18486,欲求不満な発情おばさんに誘惑された僕は……。 ～秘密と背徳に満ちた冬休みの思い出～,ソーラレイ,2013-04-04,68,33,4
652,20551,TS魔法少女なお!,Crooked Navel,2014-05-03,68,31,1
653,16798,魔法少女ピュア・セインツ ～負けちゃうたびに、どんどんエッチな正義のヒロインになっていっちゃうの～,Atelier G/H,2012-06-01,68,25,1
654,4866,代々木人妻専門学院 ～乳妻たちのアンニュイ～,るチャ!(LUCHA!),2006-06-30,68,17,1
655,33026,ネトラセ妻、美衣奈 ～他の男の手で知らなかった快感を味わい乱れる若妻～,アトリエさくら,2022-10-28,68,17,1
656,20068,やりもくナンパビーチ ～見たくなかった母の姿～,Autobahn,2013-12-31,68,15,2
657,17986,聖夜戦姫アルテミス・陥落 ～聖なる戦士の誇りと日常がキモヲタ精子で蹂躙される!～,Miel,2012-12-31,68,15,1
658,17075,接触洗脳倶樂部,すたじおちゃれん,2012-04-15,68,12,1
659,18089,淫猥催眠整体院,STUDIO TRIUMPH,2012-12-31,68,12,1
660,2666,みんなに今夜☆会いに来て 裏木戸のカギは一つ,せ・き・ら・ら,2003-04-04,68,11,1
661,4255,すずり先生と26個のエッチなおっぱい,ハートブリガン,2004-11-26,68,10,1
662,24411,隣の新婚人妻をハメ撮り寝取り孕ま性活,Miel,2016-11-11,68,9,2
663,16159,男痴妻 ～オトコト、シマクル、オンナタチ～,U・Me SOFT,2011-11-04,68,9,1
664,17194,妻堕 ～清楚な人妻の隠された露出性癖～,STUDIO TRIUMPH,2012-06-29,68,8,4
665,13403,美人妻の痴態 ～兄の妻は俺の嫁～,汁・ザル,2009-12-18,68,6,2
666,27022,巡りくる夏の日は…,ディーゼルマイン,2018-07-27,68,6,1
667,15084,高慢な奥さんは好きですか? ～傲慢人妻教師の堕とし方～,平安亭,2011-06-13,68,6,3
668,33332,女子に使えるエロチケ! ～クラスの女子全員とあんなコトこんなコト!!～,こたつおでん,2023-10-25,68,3,1
669,23426,清楚で真面目な彼女が、最凶ヤリサーに勧誘されたら…?,Frill,2016-05-27,67,116,1
670,6075,黒の歌姫,CLOCKUP,2005-10-28,67,74,1
671,19281,兄貴の嫁さんなら、俺にハメられてヒイヒイ言ってるところだよ -sister-in-law is my fuck buddy-,ORCSOFT,2013-08-09,67,52,7
672,7841,凌母 -Maternity Insult-,アイル,2007-04-13,67,47,1
673,20987,催眠母,筆柿そふと,2014-11-28,67,36,1
674,18465,性活指導員 ～キモ男が不妊に悩むピュアな若妻に手取り足取りアクメレッスン! ラブラブ寝取り種付けで理想の嫁に!～,Miel,2013-03-29,67,26,2
675,28224,いかにして俺の妻は孕んだか……,Waffle,2019-11-29,67,26,1
676,18156,とある家族の寝取られ模様 －家族哀－,POISON,2013-03-29,67,26,1
677,26015,妻が身体を開く理由 ～知らぬ間に甥からセックス開発されていた愛する妻～,アトリエさくら Team.NTR,2017-12-22,67,22,1
678,30002,完堕ちX元ヤン妻 ～ごめんなさい。私、ムカつく後輩に肉オナホにされちゃったの～,POISON,2020-11-27,67,18,1
679,24024,女体淫換 ～移り変わる恥辱的好奇心～,ノアールソフト(NOIR),2016-09-30,67,15,1
680,29477,催眠術使ってトイレでいたずら,BABEL,2020-05-02,67,8,1
681,14139,熟母喰い The Motion ～元グラドルのお母さん～,Guilty+,2010-08-27,67,6,1
682,33603,ママ僕だけを愛して… ～キモデブ息子を溺愛する母の歪んだ愛情～,TRYSET Break,2023-02-24,67,4,1
683,16077,憧れのお姉さんを、婚約者から寝取る方法,AHAAN,2011-09-30,67,4,1
684,1970,Ripple ～ブルーシールへようこそっ～,戯画,2002-04-05,66,264,1
685,27239,妹快楽堕ち ～お兄ちゃんに無理やりハメられてから～,クレージュA,2018-10-04,66,96,2
686,22488,乱れ雪月華 ～儚く散る細雪～,Lass Lunatic,2015-11-27,66,75,3
687,17890,大催眠,Liquid,2013-01-25,66,71,2
688,15443,ぜっちょースパイラル!! ～下宿人はわがままエッチな女の子ばかり～,ALL-TiME,2011-08-05,66,35,4
689,24292,星空TeaParty えくすとら ～「恋愛」はじまりました!～,SkyFish poco,2017-03-24,66,21,1
690,32576,ピュアピュア❤︎ぺろぺろ❤︎プリンセス ～純心魔法王女のドスケベ快楽レッスン～,DWARFSOFT,2022-05-27,66,18,1
691,7134,背徳姉弟相姦 ～姉の淫らな柔肉～,アンダーリップ,2005-11-25,66,17,3
692,29018,貴女が居るのに寝取られちゃう ～女の子同士の間に割ってはいる女学園男性教員～,ファーサイド,2020-03-27,66,10,1
693,28928,とある王妃の閨事 ～貞淑な妻はいかにして孕んだか～,平安亭,2020-01-19,66,9,1
694,30068,結婚生活を守るために代理子作りで寝取り穴嫁にされる新妻,Miel,2020-10-16,66,8,1
695,31454,性欲! 尿意! CTRLアプリ!! ～クラスの女子全員にエッチなイタズラやりたい放題!!!～,こたつおでん,2021-09-28,66,5,2
696,2912,好きなものは好きだからしょうがない!! +White Flower+,プラチナれーべる,2003-07-31,66,5,1
697,2445,D.C.WhiteSeason ～ダ・カーポ ホワイトシーズン～,CIRCUS,2002-12-13,65,498,1
698,2006,ランス4.1 ～お薬工場を救え!～,ALICESOFT,1995-12-01,65,345,1
699,3513,Rance II -反逆の少女達-,ALICESOFT,1990-05-15,65,336,1
700,4528,ジオグラマトン -Dyogrammaton-,CLOCKUP/チームジオ,2005-02-25,65,191,2
701,733,守り神様,ALICESOFT,1999-03-25,65,158,1
702,16224,りとる†びっち ～Little Bitch Girls in Hog Farm～,エレクトリップ,2011-12-09,65,139,1
703,7850,クライミライ4,FlyingShine黒,2007-04-27,65,69,1
704,21372,ミライカノジョ,PULLTOP LATTE,2015-03-27,65,66,1
705,12216,催眠学級,M no VIOLET,2009-04-10,65,62,1
706,21008,父に恋した淫乱娘「彩子」 ～お父さんは誰にも渡さない～,ぱちぱちそふと黒,2014-10-31,65,62,1
707,20801,巨根で種付け牧場になる町 ～名門母娘たちを片っ端から孕ま征服! 街中の牝穴が俺の家畜になりたがる!～,Miel,2014-07-25,65,49,4
708,10740,昇龍戦姫 天夢,LiLiM,2008-08-29,65,48,1
709,21541,幼すぎる幼妻,ピーキー,2015-02-20,65,45,6
710,14630,僕の彼女がこんなキモ男の嫁に! ～ごめんね、私の子宮はダーリン専用にされちゃった♪～,Miel,2010-11-12,65,44,3
711,14321,中出しスパイの挿入捜査 -子宮の平和は俺が守る!-,softhouse-seal,2010-10-22,65,38,1
712,716,魔淫の宴,BLACK PACKAGE TRY,1998-10-23,65,36,1
713,19951,巨根で生ハメ王になれる学園 ～女子学生みんな孕ませ肉オナホれすッ! いつでもどこでも精子様を排泄して卵子屈服させてくらしゃいっ♪～,Miel,2013-12-31,65,36,1
714,29585,恋人スワッピング ～親友の恋人を俺は抱き、俺の恋人は親友に抱かれる〜,アトリエさくら Team.NTR,2020-07-22,65,35,2
715,18934,ツゴウノイイ家族,D:drive.,2013-10-25,65,35,2
716,32621,奥さまの回復術 純愛編,ALICESOFT,2022-05-27,65,34,1
717,9326,奴隷志願サイト ～人妻・翔子の記録～,Black Lilith,2007-05-25,65,34,3
718,23617,彼女を寝取ったヤリチン男を雌堕ちさせるまで,メス男子,2016-07-29,65,32,3
719,27559,トモダチ♂♀セックス 彼氏に内緒で同棲生活!,アトリエさくら Team.NTR,2019-02-28,65,32,2
720,2797,アイコン,ベリーベル,2003-06-06,65,31,1
721,32622,奥さまの回復術 寝取られ編,ALICESOFT,2022-05-27,65,31,1
722,6313,全て奪ってやる!,Waffle,2005-10-14,65,30,1
723,24958,モブ催眠,include,2017-08-25,65,30,3
724,15130,JK交姦 ～そこのアナタ、娘の処女を貰ってください～,Red Label,2011-03-31,65,29,1
725,18179,妻ネトリ ～女教師の調教日誌～,Black Lilith,2013-02-22,65,29,1
726,10983,人妻喰い ～万引きGメン恥辱日誌～,Guilty,2008-12-26,65,28,2
727,16964,ネトワクネトラル カレマチカノジョ,TEATIME,2012-06-15,65,26,1
728,19205,受精してよ千鶴さん! ～人妻と恋するひと夏～,LiLiTH,2013-07-20,65,25,2
729,28341,僕と彼女の淫らな宴,CLOCKUP,2019-10-25,65,24,2
730,11950,義母散華 ～ははさんげ～,Anim,2009-03-20,65,24,2
731,10087,人妻搾乳百貨店,マリン,2007-12-21,65,24,1
732,26694,痴漢狂 ～ガチ使えるアプリでムチムチ巨乳尻を揉んで触って! アクメ顔でイカせたい!!～,シルキーズSAKURA,2018-04-06,65,24,1
733,29197,母ちゃんの友達にシコってるところ見られた。,ORCSOFT,2020-03-07,65,23,1
734,23499,龍堂寺士門の淫謀,Mink,2016-07-29,65,23,1
735,32585,つまもみ ～欲求不満の奥さんとなし崩しオイルマッサージ～,AMUSE CRAFT EROTICA,2022-06-24,65,22,1
736,26964,黒ギャル娘との淫欲相姦 ～翻弄される父親の性欲～,アパタイト,2018-08-03,65,21,3
737,20882,淫烙の巫女NTR 第一話「義父の魔の手」,Nomad,2014-08-01,65,20,2
738,4939,学園処女狩り,BLACK PACKAGE,2005-06-10,65,20,1
739,14480,妻みぐい ボイス追加ダウンロード版,ALICESOFT,2010-10-01,65,19,1
740,7549,サークルメイト Windows版,Bonbee!,1999-10-29,65,19,1
741,11122,魔女侵犯 -淫辱のジャッジメント-,BLUE TOPAZ,2008-06-27,65,18,1
742,24156,エッチなメニューはじめました! ～ヤリマンJKのファミレスご奉仕アルバイト～,ぱこぱこそふと,2016-08-26,65,18,1
743,21627,もう許してッ! 射精管理お姉さん,ディーゼルマインMf,2015-02-20,65,17,1
744,23742,借り妻 －今夜、兄嫁と寝ます－,シルキーズSAKURA,2016-07-29,65,17,3
745,20883,淫烙の巫女NTR 第二話「泥濘の新婚生活」,Nomad,2014-08-08,65,17,2
746,21368,ユリキラー 淫欲に堕ちる百合たち,アトリエかぐや,2015-02-27,65,17,2
747,27207,母三人とアナあそび,Waffle,2018-12-21,65,17,2
748,20885,淫烙の巫女NTR 第四話「淫烙の二日間」,Nomad,2014-08-22,65,16,1
749,3706,凌辱人妻温泉,STRIKES,2004-06-25,65,16,1
750,9310,淫シリーズ 淫乱露出調教,Erogos,2007-09-28,65,15,1
751,31861,単身不倫 -寝取られたら寝取り返すバイ返し‐,Guilty'Dash,2022-01-28,65,14,1
752,19443,夏のイイ旅、ハメ気分♪ ～出会った人妻みんな巨根に一目惚れ! いつでもどこでも即ズボ旅行!～,Miel,2013-08-30,65,14,3
753,19927,膣内射精JK援助交際 ～いくらでもいいからあたしを買って!～,ファントムソフト,2014-01-31,65,14,1
754,30275,そして、彼女は寝取られる。 〜結ばれたはずの幼馴染は、別の男の上で腰を振っていた〜,アトリエさくら,2021-01-29,65,13,1
755,20189,淫猥催眠整体院 ～淫らな不妊治療 人妻孕ませマッサージ～,STUDIO TRIUMPH,2013-12-31,65,12,1
756,24831,祖母と僕 ～おばあちゃん、なにかでちゃうよぉ～,アパタイト,2017-03-10,65,12,1
757,30951,哀妻 ～妻と親父だけの時間～,エロイット,2021-06-25,65,12,1
758,20302,寝取られ姉妹日誌 ～大好きな彼の友人キモ男に寝取られ妊娠～,Miel,2014-03-21,65,12,1
759,34226,僕色に染まる叔母,だーくワン!,2023-07-28,65,11,4
760,29597,異世界変態生活! ～転生した俺は触手や魔物や女の子のパンツに…なる!?～,calcite,2020-08-28,65,10,1
761,20635,妹欲DEAD催眠,TRYSET MAD,2014-09-26,65,10,1
762,1420,月の雫 ～ツキノシズク～,CureLight,2001-01-26,65,9,1
763,40140,クソ生意気なギャル後輩のあざとかわいい誘惑 ～先輩ってぇ、こんなので勃っちゃうんですかぁ♪～,アパタイト,2026-03-06,65,9,1
764,17438,堕天の記憶 ～序章～ 淑乃編,Black Rabbit,2012-08-03,65,9,1
765,13268,姉妻 ～姉弟相姦遊戯～,ローズティアラ,2009-11-27,65,9,1
766,23670,爆乳人妻メード ～癒され乳母孕ませの館～,エレクトリップ,2016-07-29,65,9,1
767,32365,恋人・亜依香と元カレ ～再びあの男に抱かれ快楽にイキ狂う愛する彼女〜,アトリエさくら,2022-04-28,65,8,1
768,32575,あなたと子作りしたいな♪ ～数十年振りの再会! 幼馴染はエロく欲求不満になっていました～,アパタイト,2022-06-10,65,8,1
769,11347,凌辱人妻倶楽部,STRIKES,2008-09-26,65,8,1
770,18172,白黒催眠,エロトランス,2013-02-15,65,7,1
771,8380,秘蜜 ～秘めたるは月の蜜～,はいから喫茶(ハイカラ喫茶),2006-11-25,65,5,1
772,19425,巨乳な兄嫁は好きですか? ～貞淑な妻が牝へと変わる刻～,汁ダク系 乳組,2013-09-27,65,5,1
773,28757,母さん愛してる ～人生をかけた母親陥落大作戦～,自由いんぽん党,2019-10-06,65,5,1
774,35624,管理人の覗き見,HornyDoge,2023-12-16,65,5,1
775,38128,巨乳な母騎士寝取り孕ませ ～背徳交尾漬けでふしだらなメス穴騎士に成り下がるまで～,Miel,2025-03-21,65,5,1
776,23043,社淫狂育 ～これまでの恨み、すべて晴らしてやる!～,ディレッタント,2016-01-22,65,5,1
777,24345,奪学園 ～一途で可愛い姉妹が知らぬ間に堕ちていく～,スタジオ奪,2016-10-14,65,5,1
778,12246,エルフの姉弟 ～寝取り孕ませ恋人交換～,おとこの娘倶楽部,2009-03-06,65,5,1
779,37113,NTRレッスン,Hizure,2024-08-31,65,3,1
780,22811,巨乳人妻姉妹は中出し肉便器 ～甥の若い巨根に即堕ちメス悦びで寝取り孕ませおねだり～,Miel,2015-11-20,65,3,2
781,19936,花嫁と魔王 ～王室のハーレムは下克上～,Escu:de,2014-08-29,64,100,1
782,13058,廻る娼館街のリィナ,クレージュA,2009-10-30,64,55,1
783,2935,奪還機構ラヴネイティア,TEAM暗黒媒体,2003-08-22,64,33,1
784,1892,屈折,Sweetpain,2002-02-15,64,30,1
785,1791,ファウスト,Tail,2001-12-14,64,30,1
786,19713,私立 寝取り学院 -10人の彼氏持ち女子校生を“寝取って激イキ”させろ!-,アトリエさくら DARKNESS,2013-12-27,64,26,3
787,32476,家庭教師X催眠2 ～絶対従順、高飛車姉妹をドスケベ淫乱に催眠操作～,POISON,2022-07-29,64,18,1
788,17601,ボクの催眠世界,ようかい玉の輿,2012-08-11,64,13,1
789,35390,爆乳レイヤーは俺の孕ませ肉オナホ! ～友達の彼女を寝取り交尾でチン媚びレイヤーに!～,Miel,2023-11-24,64,12,1
790,19791,放課後の不適格者,Nostalgic Chord,2014-05-30,63,136,2
791,27716,ママは対魔忍,Black Lilith,2019-04-19,63,52,3
792,15404,お姉ちゃんエロエロ注意報 ～愛液の大洪水～,softhouse-seal,2011-06-24,63,50,1
793,4410,悪注入 -君に捧げる悪意の魂-,祭企画,2004-12-10,63,39,1
794,18957,キモメン底辺職でも巨根ならハーレムギルドの主になれる!? ～伝説の騎士や聖女、魔王を種付け攻略! 美少女だらけ夢の冒険性活!～,Miel,2013-05-31,63,32,1
795,1957,ぽこぽこ軍将2 ～いっつ・あ・りある・わ～るど～,ainos,2002-03-29,63,24,1
796,18840,ミニパイくれ～ま～ 文句を言いたいのにおっぱいが感じちゃう,アトリエかぐや,2013-05-31,63,23,1
797,31742,横恋慕 -人妻のヒメゴト‐,Guilty'Dash,2021-12-24,63,18,1
798,10317,おしえて巫女先生弐・外伝 ～ハーレム編～,あねせん,2007-12-14,63,16,2
799,23787,人妻刑事は元魔法少女 ～2重スパイの俺が洗脳催眠を繰り返し寝取り堕とす～,魔法使いソフト,2016-06-24,63,14,1
800,18969,保健委員の力を利用して、後輩の女の子の身体測定でイタズラ放題やっちゃいました!,4H,2010-07-15,63,12,1
801,34454,恋人・亜依理を抱いた他の男達 ～愛する恋人が俺の元から去った理由～,アトリエさくら,2023-08-25,63,10,1
802,28806,兄嫁は俺のモノを離さない ～未亡人若女将の誘惑～,アパタイト,2020-01-10,63,10,1
803,191,カレッジテラストーリー,URAN,1998-08-28,63,10,1
804,20236,清楚な兄嫁は俺だけの淫乱肉オナホ,CATTLEYA,2014-03-28,63,9,1
805,7862,Satisfaction -禁断の錬香-,Parthenon,2006-06-25,63,8,1
806,30109,サキュって! アテンプテーション ～クソザコ淫魔の愛され奮闘記～,シストレイド,2021-03-17,63,7,1
807,8921,家庭訪悶,黒雛,2007-04-13,63,6,1
808,26255,両隣の人妻 ～そうなった理由はアパートの壁が薄かったから～,桃源郷,2018-01-26,63,4,1
809,17659,くノ一菖蒲 ～艶熟精堕淫舞～,BLACK PACKAGE TRY,2012-12-14,63,4,1
810,29028,清楚な同級生人妻はオレの××で愛慾に目覚める。 新感覚アニメーションノベル妻缶 Chapter1,ANIMovie,2019-12-20,63,4,1
811,24315,HIJK!,Fanta,2010-12-31,63,2,1
812,236,Choir(クァイア),Rateblack,2001-02-09,62,157,1
813,17885,モテすぎて修羅場なオレ,プラリネ,2013-02-22,62,62,1
814,16717,兄妹秘哀 ～イヤなのに、カンじちゃう～,アパタイト,2012-02-24,62,61,7
815,13907,魔王の淫具,ALL-TiME,2010-07-16,62,33,2
816,6412,中出しティータイム・召しませクリームパイ,オーサリングヘヴン,2005-12-02,62,31,1
817,16173,ヴァージン・ワイフ、密やかな開通 ～あなた、お父さんに躾けられてしまったの…～,トルピード,2011-11-18,62,26,1
818,20875,カミツレ ～7の二乗不思議～,りぷる,2015-02-27,62,25,1
819,25162,"Oh,Yes! 褐色ビッチ人妻の性欲解消 ～エロエロできるママさんバレー会～",アパタイト,2017-05-12,62,25,2
820,15711,孤高の格闘美少女霧香がキモオタに種付けされまくる ～無駄だ! 幾ら子宮を汚されても屈するものか!～,Miel,2011-08-05,62,23,3
821,19619,キモメンでも巨根なら名門校のお嬢様を専用孕まセレブビッチにできる!,Miel,2013-09-27,62,22,1
822,23812,お前の旦那だって俺の妻を奪ったんだから、いいだろう? ～復讐のネトリ～,アパダッシュ,2016-07-01,62,12,2
823,25792,筆下ろしママ ～溢れる白濁&ミルク～,インカローズ,2017-11-24,62,10,1
824,19111,たぷたぷの完熟おっぱいに包まれて、夢見るように射精し続ける俺の4泊5日,ディーゼルマイン,2013-05-31,62,4,1
825,37347,寝取り勇者 ～親友の母ちゃん妊娠させれば即クリア～,WILD FLOWER,2024-10-25,62,1,1
826,7585,アンバランス ～彼女の心は奪えない?～,WINTERS,2007-04-27,61,22,1
827,25723,催眠アプリで寝取りハメ ～これまでの恨み、ヤり返してやる!～,アパタイト,2017-10-13,61,16,2
828,15901,肉欲接待プロデュース ～穴がブッ壊れるまで使ってやる～,黒鳥,2011-09-30,61,15,1
829,19475,シオリノコトハ ～密室図書館の生贄～,黒鳥,2013-11-29,61,14,1
830,3948,Tender Breeze,O-Din,2004-09-24,61,12,1
831,38388,巨乳な友達の母を若い巨チンで寝取って孕ませハーレムを作る話,Miel,2025-04-25,61,9,1
832,11018,淫触の退魔巫女 楓,EROTICA BLACK,2008-05-09,61,4,1
833,40424,人妻上司の分からせ方,平安亭,2026-03-20,61,4,1
834,3693,そらのいろ、みずのいろ,Ciel,2004-06-25,60,287,2
835,14203,黙って私のムコになれ!,ensemble,2011-01-28,60,270,1
836,24362,タンテイセブン,Digital Cute,2017-06-30,60,96,1
837,337,將姫,C’s ware,2000-04-21,60,68,1
838,721,魔女狩りの夜に,アイル,1995-10-13,60,51,1
839,9048,密室 -Situation Elevator-,無限軌道,2005-12-23,60,44,1
840,15455,姉辱,黒雛,2011-07-08,60,37,1
841,6092,ヘブンストラーダ,AniSeed,2005-10-21,60,37,1
842,9856,孕女 ～俺はこの学園で復讐を成し遂げる～,TinkerBell,2007-11-22,60,30,1
843,29247,人妻セックス ～知らぬ間に堕とされていた愛する妻～,アトリエさくら Team.NTR,2020-04-24,60,29,1
844,5078,青の獣愛,GuiltyN,2005-06-24,60,29,1
845,697,微笑みをもういちど ～smile again～,U・Me SOFT,2000-08-04,60,28,1
846,19623,他の男の精液で孕むとき2 ～障子に映る、快感に悶え狂った妻の影～,アトリエさくら Team.NTR,2013-11-29,60,26,1
847,28789,スケベな処女のつくりかた,SUKARADOG,2020-01-31,60,26,1
848,2535,掟ノ島,TinkerBell,2003-01-24,60,25,1
849,29843,催眠奪女 ～全てが僕の自由になる世界へようこそ～ 朝霧架純編,シルキーズSAKURA,2020-09-25,60,25,3
850,9315,ハラマセテ人妻,祭企画,2007-07-27,60,24,1
851,20294,上司の妻は、元カノでした ～嫌がりながらも、枕営業に溺れていくアフター5～,アパタイト,2014-05-23,60,23,2
852,20579,オナフォ ～矯正操作で雌に変えてしまうアプリ～,Devil-seal,2014-06-13,60,23,2
853,20284,弱みを握って人妻とその娘をパコってみた。,Parthenon,2014-03-28,60,23,2
854,15303,寝取主義者の花嫁弄り! ～婚約者があんな声で喘ぐのを兄貴は知らない～,ソフトさ～くるクレージュ,2011-04-29,60,22,2
855,9685,母娘ねぶり ～誘う人妻・抱かれたい母娘～,アンダーリップ,2007-10-26,60,22,1
856,3452,巨乳人妻教師 ～恥辱の校内調教～,Black Lilith,2004-04-23,60,21,1
857,15488,とある彼女の寝取られ記録 ～年上幼馴染が変態教師のビッチ妻になるまで～,Miel,2011-06-24,60,21,1
858,14178,りりかる!,夢見奏,2010-08-14,60,20,1
859,2071,とらぶる☆とらいあんぐる,Ripe,2002-05-31,60,19,1
860,14990,母娘催眠 ～オヤコサイミン～,POISON,2011-04-28,60,19,1
861,24642,ほら、そんなに声を漏らすと彼氏にバレちまうぜ? ～エロゲ世界でモブの少女を寝取ってみた～,アパタイト,2017-02-03,60,19,2
862,583,花霞,ぴんく・ぽすと,2000-04-28,60,19,1
863,23111,溜まってるの、ママが出してやるし♪ ～黒ギャルママのドーテー調教レッスン,アパタイト,2016-02-12,60,19,1
864,26849,桃尻インストラクター寝取りレッスン ～競泳水着でえろざんまい～,アパダッシュ,2018-07-13,60,18,1
865,158,傀儡の辱めを君に,風露,1999-09-10,60,17,1
866,20328,キモメンでも巨根なら人の妻を自分のモノにできる! ～美人妻達を受精アクメさせまくれ! 目指せ! ハーレムマンション♪～,Miel,2014-03-28,60,17,4
867,27757,スマホを忘れただけなのに… ～脅され快楽に堕とされていくギャル～,アパタイト,2019-05-10,60,17,1
868,23723,私立 寝取り学院3 －続々・10人の彼氏持ち女子校生を“寝取って激イキ”させろ!－,アトリエさくら Team.NTR,2016-07-29,60,16,2
869,28933,あまママほりっく,ましゅまろそふと,2020-03-27,60,16,1
870,12074,イジクリ ～少女と淫行日記～,祭企画,2009-02-27,60,16,1
871,20174,いけない子作り ～親友のお母さんに種付けしまくる1週間～,エロイット,2014-03-28,60,16,2
872,20947,寝取王 -ネトリキング-,Devil-seal,2014-09-26,60,15,1
873,32773,奪通 NTR配達サービス営業中,スタジオ奪,2022-08-26,60,15,1
874,27299,姉姉W催眠DX ～催眠で6人の巨乳姉達を貪り孕ます欲望の宴!～,POISON,2019-02-22,60,14,1
875,22,憧れ,FOSTER,1999-06-04,60,14,1
876,3933,LOST M,Overflow,2004-10-15,60,14,1
877,24981,JK寝取鬼調教 ～学園400人の性処理係、寝取られ孕まされた性奴委員～,POISON,2017-05-26,60,13,1
878,15607,天使たちの午後,JAST,1985-07-01,60,13,1
879,34346,生真面目風紀委員長の裏アカウント ～芽生えてしまった淫らな承認欲求～,アパタイト,2023-07-07,60,13,1
880,14174,淫交倶楽部,U・Me SOFT,2010-08-06,60,13,1
881,2838,Naked Edge,Aaru,2003-05-30,60,12,1
882,26117,兄嫁 -未亡人-,アトリエさくら Team.NTR,2018-01-26,60,12,2
883,1762,Virgin Bride ～堕ちた花嫁～,Riddle Soft,2001-11-22,60,12,1
884,17931,種付けて! 人妻島 ～男が全員不能! 村の子孫を絶やさぬために人妻たちに何時でも何処でも子作り三昧!～,Miel,2012-12-14,60,11,1
885,28843,巨乳人妻寝取られ催眠 ～シェアハウスで管理人と妻が…… ～,スタジオ偽恋,2020-02-28,60,11,1
886,22023,泥酔させれば楽勝セックス ～叔母と従姉編～,ソーラレイ,2015-05-22,60,11,1
887,30501,奪われた幼馴染み ～好きだった幼馴染みは他の男の婚約者〜,アトリエさくら,2021-03-26,60,11,1
888,18469,兄貴のお嫁さんとちゅっちゅしたんだけど何か質問ある?,スナック・ファクトリー,2013-03-15,60,9,2
889,17145,人妻の穴 ～あの子はここから生まれてきたのよ～,ディーゼルマイン,2012-03-09,60,9,1
890,32044,母姉催眠 ～ご近所の欲求不満セレブと快楽堕ちお嬢様～,つるみく -Another-,2022-03-25,60,9,2
891,26612,人妻ざかりの性指導,インカローズ,2018-05-25,60,8,1
892,33961,人妻幼なじみと禁愛NTR ～再会。そして、子作りへ～,アパタイト,2023-04-14,60,7,1
893,12559,8年陵辱 ～悶絶調教肉玩具～,叢神,2006-06-09,60,7,1
894,13070,すくぅ～るらぶっ!3 ～未来へのアレグレット～,DisAbel,2009-12-04,60,7,1
895,21917,閃光の騎士 ‐カリスティアナイト‐,玉藻スタジオ,2015-08-16,60,7,1
896,21878,姉弟不倫 ～人妻サド姉と近親子作り～,牛乳ソフト,2015-04-28,60,7,1
897,14562,親友の巨乳ママと中出し性活 ～こんなに射精してちゃ孕んじゃったね,アメノムラクモ,2010-12-24,60,7,1
898,25117,寝取られた!,デジタルGパワー,2017-04-14,60,6,1
899,3898,夏恋 ～The love story in summer～,A.W.P,2004-04-29,60,6,1
900,13267,完熟姉妹淫辱痴漢電車 ～囚われた美人姉妹～,ローズティアラ,2009-12-11,60,6,1
901,17736,メス妻調狂クリニック,U・Me SOFT,2012-11-02,60,5,1
902,14367,ブル魔教淫 ～女生徒達の恥辱の放課後～,パンプキン,2010-03-29,60,5,1
903,35394,ドピュッとゴルフ伝説,たぬきハウス,2024-01-27,60,5,1
904,35043,略奪された婚約者（フィアンセ）～恋人・真澄（ますみ）と弟の秘密,アトリエさくら,2023-11-24,60,5,1
905,37496,大人の童話劇場 ～借金取り子爵～,パスチャーソフト,2024-10-25,60,4,1
906,14524,魔女っ娘ママ,桃フェロ,2010-11-19,60,4,1
907,25103,変態!! 穴マニア,Potage,2017-06-23,60,4,1
908,17921,淫欲の調狂学園～幼馴染が寝取られて淫乱メイドに堕ちるまで～,Es.Lab.(Es_Lab),2012-06-20,60,3,1
909,25720,俺は熟女狂愛主義 ～欲求不満な人妻ほど堕ちやすい～,ピオニー,2017-10-27,60,3,1
910,3741,花蝕の罠,フェレット,2004-03-26,60,3,1
911,15523,淫辱汚臭ラボ ～キモくて臭う同僚に容赦なくハメそそがれた新妻研究員・深雪,モニスタラッシュ(モーニングスター),2011-01-21,60,3,1
912,16123,薄幸の少女,ラスターカプセル,2009-08-15,60,3,1
913,21009,ママは同級生 ～あなたの父親だけじゃ満足できないの～,スピンドル,2014-10-31,60,3,1
914,19097,女将妻～旅館バイトでの秘密～,旅人屋,2013-01-31,60,1,1
915,22679,人妻欲情サイミン,Lust Bit,2015-12-11,60,1,1
916,7853,孕姫 ～令嬢妊娠調教計画～,ラブチェリー,2006-09-15,59,12,1
917,21300,人妻競売市場 ～エロい人妻お売りします～,アトリエさくら eXtra,2015-01-30,59,8,1
918,224,狂*師 ～ねらわれた制服～,CROWD,1998-06-26,58,37,1
919,21523,繋がらない携帯電話 ～ただいま他の男とめちゃめちゃセックス中～,アトリエさくら Team.NTR,2015-03-27,58,26,1
920,13809,悦楽マッサージ淫 人妻絶頂寝取り～先生に揉まれると子宮が疼くんです～,Miel,2010-04-23,58,20,5
921,10170,嫁ぐるい ～義父との秘密の関係～,ローズティアラ,2007-11-09,58,10,1
922,19386,D.P.S. SG,ALICESOFT,1990-08-15,58,10,1
923,22253,人妻公然恥辱電車 ～携帯一つでお触り即ハメし放題他人の妻を粘着種付け寝取り～,Miel,2015-07-24,58,6,1
924,20078,お兄ちゃんは私だけのものなんだからっ!!,ふらっぺすたじお,2013-08-15,58,6,1
925,35325,隣の美人妻は欲求不満でした ～あぁ、あの人のより断然大きくて硬いっ…!～,アパタイト,2023-12-08,58,6,2
926,23618,友母ガチ孕ませ! ～デカパイ母性ママを若いセックス漬けで俺の牝にしてやった!～,Miel,2016-04-29,58,6,1
927,15586,でくママ,スタジオカメ,2011-07-29,58,4,1
928,36426,カレッジライフ ～陰キャ童貞と陽キャ女子大生～,ファカルティ,2023-12-21,58,2,1
929,2199,抜かせろ ナース・人妻・女子校生,NOISE,2002-08-09,58,2,1
930,27640,タイムイズマイン ～時間停止をして友人の彼女を徹底的に犯したら、とんでもないことになった～,猫尺,2019-01-12,58,2,1
931,3648,痴漢研究室,Pinpai,1999-06-25,58,2,1
932,2082,汝、その無垢なる魂で夜を彷徨うなかれ,ネオユーミ,2002-04-19,58,2,1
933,16109,今日、僕の彼女が最低の下衆野郎に汚されます。,13cc,2011-12-16,57,18,1
934,15587,あやまちの密愛 ～夫に言えない義父との淫交,アパタイト,2011-08-19,57,14,2
935,22471,部下の妻と妹を寝取る上司,CLOCKUP,2015-09-25,57,14,3
936,32969,寝取られの教壇 〜教え子に奪われた愛する恋人〜,アトリエさくら,2022-09-30,57,10,1
937,35333,姦裏人 偽りのメイドは裏切りに染まる,SUKARADOG,2024-01-26,57,10,1
938,18485,セレブ妻の穴 ～高級マ●コは俺のザーメン中出し便器～,ディーゼルマイン,2013-03-14,57,9,1
939,21064,催淫巨乳団恥妻 ～イケないのに…疼いちゃう… ～,アンモライト,2014-10-31,57,6,2
940,17802,聖隷の姫君ステア ～ストゥーム・コアの伝説～,ディーゼルマイン,2012-10-19,57,5,1
941,141,想ひ出坂,U・Me SOFT,1998-09-04,56,8,1
942,617,尾行 ～夜の帰り道～,ILLUSION(Dreams),1999-05-14,55,23,1
943,17002,爆乳令嬢×キモ男 変態嫁化計画 ～潔癖クール会長が最下層の臭キモ精子中毒に!～,Miel,2012-04-27,55,23,2
944,26817,イイナリ姉色 ～お姉ちゃんさえいればいい!～,INTERHEART,2018-08-31,55,19,1
945,21387,Temptation Revenger,Parthenon,2014-12-26,55,17,1
946,113,LOE ～Legend Of Enomoto～,Aaru,1999-09-24,55,16,1
947,618,美少女奴隷クラブ,Guilty,1998-11-27,55,14,1
948,31779,催眠奪女3 ～全てが僕の自由になる世界へようこそ～ 栗原静琉編,シルキーズSAKURA,2022-01-28,55,13,1
949,21073,催眠ライブ ～知らないうちに変態アイドル活動で専用孕ドルにされちゃった～,Miel,2014-09-26,55,13,1
950,25939,褐色クールビッチ人妻の性欲解消 ～今度は海でセックスレッスン!?～,アパタイト,2017-11-02,55,11,1
951,26242,欲求不満なボクのママのSEXレッスン ～パパには言えない家庭内情事～,アパタイト,2018-03-02,55,10,1
952,11681,催眠牝奴隷騎士ソフィア  ～レズ騎士団長、催眠調教に堕ちる～,Software circle Mercure,2008-10-10,55,10,1
953,19602,勃起するのはあなただけ! 女教師たちに日常的に種付け授業を受ける学園生活,Miel,2013-09-20,55,10,2
954,23165,いたずら家庭教師 ～密室の猥褻指導～,REAL,2016-05-27,55,9,1
955,27223,熟した果実たち ～ママ隷奴・完全版～,Mink,2018-11-30,55,9,1
956,21226,Final season「バッドENDを救え!」,TRYSET MAD,2014-12-19,55,7,2
957,14969,双子母,極フェロ,2011-02-18,55,7,1
958,24530,お前の妻は、オレの淫乱肉嫁 ～お隣さんは欲求不満でした～,アパダッシュ,2017-02-03,55,6,1
959,29183,息子の嫁の誘惑エッチ ～お義父さん、私もう我慢できません!～,アパタイト,2020-03-13,55,5,1
960,19437,悦楽剤 ～人妻は媚薬で母乳を垂れ流す～,スピンドル,2013-09-20,55,5,1
961,33130,ナマイキ実習生は欲求不満? ～カレシ持ちの処女を寝取る話～,アパタイト,2022-10-14,55,4,1
962,36416,神様の悪戯部屋 ～人妻先輩と禁断SEX～,樹懶叫工作室/sloth gamer,2024-03-14,55,1,1
963,9594,セレブ子持ち妻淫猥調教 ～凌辱管理人～,Cybele(黒姫),2007-06-08,54,12,1
964,4128,妻いぢり,Stellamint,2005-01-21,53,16,1
965,12990,義母のミルクは蜜の味 ～いっぱい飲んで、甘えてね～,Miel,2009-08-28,53,16,1
966,14607,悪戯睡眠孕ませレイプ,A cherry-blossom front,2010-06-09,53,8,2
967,30743,催眠種付け授業,Miel,2021-03-26,53,6,1
968,19856,孕ませて♪人妻商店街 ～ヤリ放題ハメ放題中出し感謝祭開催Chu♪～,Miel,2013-11-29,53,4,1
969,19664,ママネトリ,イノヘッドスタジオ,2013-09-27,53,3,1
970,16028,家族交感 ～コンプリートコレクション～,カニスキー,2011-03-14,53,2,1
971,20359,妄想コンプリート!,Insync,2015-05-29,52,83,2
972,14730,いじくりママ,スタジオカメ,2010-12-24,52,13,1
973,31997,進軍ゴブリン軍団 〜人類総苗床化作戦〜,CHAOS-R feat. Freak Strike,2022-01-28,52,11,1
974,33724,近所の人妻全部妊娠させます!,視萌妻喜,2022-12-24,52,2,1
975,19873,カスタムメイドオンライン ブルジョアパック,KISS,2014-03-28,51,14,1
976,17862,排卵日の同級生にムリヤリ種付けしてみた ～昇天させられて性奴隷になった処女～,Moon Bunny,2012-11-01,51,1,1
977,18834,ストリップバトルデイズ,Overflow,2014-10-31,50,50,1
978,595,はるあきふゆにないじかん,トラヴュランス,1998-12-18,50,21,1
979,270,恋のスイートタルトはいかが?,LOVE-GUN,1999-07-09,50,14,1
980,27201,パート主婦との倒錯不倫 ～売れない同人作家の一大転機～,アパタイト,2018-10-12,50,13,1
981,16411,獣ノ躾 ～本能と理性の狭間で悶えるケモノ～,Devil-seal,2012-02-10,50,12,2
982,24393,ショタチンにアヘる黒ギャル ～マセガキかと思っていたのに…～,アパタイト,2016-12-02,50,11,1
983,18100,いいなり生徒会長 ～肉欲に堕ちる学園アイドル～,Monogram,2013-01-18,50,10,3
984,21298,催眠術を試したら同じマンションの爆乳人妻が俺のモノになった,Lust Bit,2014-11-14,50,9,1
985,19387,D.P.S. SG set2,ALICESOFT,1991-04-15,50,9,1
986,21962,清楚ビッチな人妻遥香さんとのむさぼり交尾日誌,Miel,2015-05-08,50,7,1
987,17238,初でーと初えっち ～遊園地編,ふにふにソフト,2012-05-01,50,7,1
988,18905,新妻特捜パトレイザー ～略奪天獄篇～,MAIKA,2013-09-20,50,7,1
989,29598,夫より逞しいモノで突かれたら… ～娘が連れてきた外国彼氏は母の私も女にさせた～,アパタイト,2020-07-03,50,5,1
990,26090,人妻催眠計画 ～催眠誤認で家庭円マン!～,桃源郷,2017-12-22,50,4,1
991,15984,爆乳妻色倶楽部 ～淫乳女社長妻 麗華!,a Matures,2011-08-25,50,4,1
992,33304,あっとホーム,ミスティ,1997-04-25,50,3,1
993,26114,イケない人妻たち ～どうしても我慢できなくて～,ピオニー,2018-01-26,50,2,1
994,33905,ロリリッピー殺人事件 ～レイプ船に乗り込んで貴族令嬢に中でも外でも人前でもアヘレイプ大捜査線～,dorgel(トリニティセイバー),2013-10-11,50,2,1
995,34636,LOVE BOIN,VENUS,2005-05-08,50,1,1
996,34806,卑作,FANZA GAMES,2019-07-17,50,1,1
997,34637,LOVE SEXLIFE,VENUS,2005-09-27,50,1,1
998,3060,君の想い、その願い,tumugi,2003-10-24,49,56,1
999,17924,リア充爆発しろ! ～変身能力手に入れたんだけど質問ある?～,スワンアイ,2013-01-25,49,16,1
1000,13588,人妻 雪乃と… ～妻がオンナに変わるとき～,MAIKA,2010-04-16,49,8,1
1001,19949,密閉やりまくりエレベーター ～小生意気な娘に御仕置きを～,アトリエさくら DARKNESS,2014-02-28,48,12,2
1002,13745,兄嫁の淫穴 ～裏切りの代償,アメノムラクモ,2010-03-19,48,9,1
1003,16869,き・ず・な DL版,ACTRESS,2010-12-17,48,4,1
1004,15519,兄嫁食い 低学歴DQN義弟に喰われたインテリ兄嫁～浅井優子,モニスタラッシュ(モーニングスター),2011-06-16,48,2,1
1005,12224,人妻監禁日誌,極フェロ,2009-02-06,48,2,1
1006,1306,無人島物語XX,Pinpai,1999-02-26,46,20,1
1007,16247,巨乳人妻がキモ義弟のオナホ嫁に! ～飲まないで! 母乳は赤ちゃんのものよ…こんな形で次の子が出来ちゃうなんて…～,Miel,2011-12-30,45,11,2
1008,16133,インモラル・情母・ハザード,トルピード,2011-10-28,45,11,2
1009,17782,奥さん、金が無いなら身体で払ってもらいましょうか? ～人の妻たちのケツを並べて食べ比べ! 寝取り喫茶接待!～,Miel,2012-10-26,45,5,1
1010,14628,寝っ取り爆乳ママ・唯華 ～息子の独占性欲にされるがママ～,モニスタラッシュ(モーニングスター),2010-11-05,45,4,1
1011,16878,Rane Crisis ～マリオネットと洗脳奴隷～,Sky Walk,2011-12-09,45,1,1
1012,17072,キャリア便女 ～僕を公私ともにシゴいてくれる女課長は、特別接待専用のドM奉仕便器だった～,ピンパイジューシィ,2012-04-27,43,4,1
1013,19250,マザコン天国 ～同級生の母親たちを巨根で僕だけの孕ママに!～,Miel,2013-07-26,42,10,1
1014,3840,蚊 -MOSQUITO- DVDPG,電脳CLUB,2002-10-31,41,2,1
1015,1608,沈マナイ月,VEGA,2001-09-14,40,22,1
1016,1137,恥辱遊戯,AQUARIUM,2000-01-28,40,11,1
1017,20666,人妻操作スマホ ～熟れムチボディを指先一つで自由自在! ヤリたい放題種付け～,Miel,2014-06-20,40,7,1
1018,27995,寝取られ妻・絵理奈 ～愛する妻は他の男の上で腰を振る～,アトリエさくら Team.NTR,2019-07-26,38,10,1
1019,15332,仮想家族,雨の露音,2010-07-20,38,6,1
1020,10080,わんわん、もーもー、うさうさ、こーん!,もえたまごソフト,2007-11-30,35,4,1
1021,19620,牝贄プロジェクト ～新人OL、社畜の刻印～ 彼女はカエレナイ,スピンドル,2013-10-18,35,3,1
